0	AF3:0,873	AF4:0,164	F7:0,1412	F3:0,536	F4:0,823	F8:0,-56	FC5:0,325	FC6:0,823	T7:0,-427	T8:0,-111	P7:0,-454	P8:0,-227	O1:0,-287	O2:0,1418	NOPE
0	AF3:0,869	AF4:0,172	F7:0,1412	F3:0,534	F4:0,830	F8:0,-56	FC5:0,324	FC6:0,826	T7:0,-422	T8:0,-112	P7:0,-451	P8:0,-219	O1:0,-285	O2:0,1425	NOPE
0	AF3:0,872	AF4:0,173	F7:0,1412	F3:0,532	F4:0,830	F8:0,-53	FC5:0,324	FC6:0,833	T7:0,-422	T8:0,-115	P7:0,-449	P8:0,-213	O1:0,-276	O2:0,1430	NOPE
0	AF3:0,884	AF4:0,184	F7:0,1417	F3:0,537	F4:0,842	F8:0,-13	FC5:0,337	FC6:0,856	T7:0,-429	T8:0,-98	P7:0,-449	P8:0,-183	O1:0,-277	O2:0,1440	NOPE
0	AF3:0,880	AF4:0,188	F7:0,1422	F3:0,537	F4:0,846	F8:0,-7	FC5:0,337	FC6:0,853	T7:0,-428	T8:0,-95	P7:0,-449	P8:0,-178	O1:0,-278	O2:0,1443	NOPE
0	AF3:0,878	AF4:0,187	F7:0,1426	F3:0,534	F4:0,843	F8:0,-8	FC5:0,334	FC6:0,849	T7:0,-423	T8:0,-92	P7:0,-449	P8:0,-177	O1:0,-277	O2:0,1450	NOPE
0	AF3:0,893	AF4:0,206	F7:0,1431	F3:0,550	F4:0,861	F8:0,47	FC5:0,349	FC6:0,887	T7:0,-426	T8:0,-61	P7:0,-447	P8:0,-123	O1:0,-275	O2:0,1480	NOPE
0	AF3:0,900	AF4:0,222	F7:0,1436	F3:0,564	F4:0,882	F8:0,94	FC5:0,361	FC6:0,913	T7:0,-427	T8:0,-42	P7:0,-446	P8:0,-74	O1:0,-269	O2:0,1501	NOPE
0	AF3:0,893	AF4:0,215	F7:0,1434	F3:0,550	F4:0,876	F8:0,74	FC5:0,352	FC6:0,895	T7:0,-427	T8:0,-58	P7:0,-446	P8:0,-98	O1:0,-270	O2:0,1485	NOPE
0	AF3:0,886	AF4:0,196	F7:0,1422	F3:0,534	F4:0,853	F8:0,19	FC5:0,340	FC6:0,868	T7:0,-427	T8:0,-84	P7:0,-444	P8:0,-152	O1:0,-277	O2:0,1456	NOPE
0	AF3:0,875	AF4:0,167	F7:0,1414	F3:0,533	F4:0,823	F8:0,-49	FC5:0,323	FC6:0,829	T7:0,-428	T8:0,-115	P7:0,-451	P8:0,-208	O1:0,-277	O2:0,1428	NOPE
0	AF3:0,867	AF4:0,148	F7:0,1412	F3:0,530	F4:0,805	F8:0,-95	FC5:0,313	FC6:0,798	T7:0,-423	T8:0,-142	P7:0,-458	P8:0,-260	O1:0,-277	O2:0,1402	NOPE
0	AF3:0,868	AF4:0,150	F7:0,1407	F3:0,528	F4:0,805	F8:0,-106	FC5:0,317	FC6:0,793	T7:0,-416	T8:0,-149	P7:0,-451	P8:0,-284	O1:0,-278	O2:0,1390	NOPE
0	AF3:0,869	AF4:0,153	F7:0,1409	F3:0,533	F4:0,809	F8:0,-87	FC5:0,322	FC6:0,803	T7:0,-414	T8:0,-138	P7:0,-445	P8:0,-260	O1:0,-276	O2:0,1401	NOPE
0	AF3:0,870	AF4:0,159	F7:0,1419	F3:0,534	F4:0,816	F8:0,-48	FC5:12,324	FC6:0,821	T7:0,-418	T8:0,-119	P7:0,-453	P8:0,-219	O1:0,-271	O2:0,1424	NOPE
0	AF3:9,873	AF4:0,172	F7:0,1416	F3:0,535	F4:0,831	F8:0,-26	FC5:12,330	FC6:0,837	T7:0,-426	T8:0,-111	P7:0,-459	P8:0,-201	O1:0,-270	O2:0,1433	NOPE
0	AF3:9,880	AF4:0,181	F7:7,1415	F3:0,538	F4:0,842	F8:0,-14	FC5:12,335	FC6:0,847	T7:0,-428	T8:0,-102	P7:0,-454	P8:0,-191	O1:0,-273	O2:0,1434	NOPE
0	AF3:9,886	AF4:0,189	F7:7,1422	F3:0,538	F4:0,849	F8:0,6	FC5:12,337	FC6:0,859	T7:0,-425	T8:0,-87	P7:0,-445	P8:0,-164	O1:0,-269	O2:0,1444	NOPE
0	AF3:9,878	AF4:0,187	F7:7,1416	F3:0,538	F4:0,845	F8:0,-7	FC5:12,337	FC6:0,853	T7:0,-427	T8:0,-96	P7:0,-444	P8:0,-168	O1:0,-262	O2:0,1445	NOPE
0	AF3:9,869	AF4:0,162	F7:7,1407	F3:0,536	F4:0,821	F8:0,-59	FC5:12,324	FC6:0,817	T7:0,-430	T8:0,-126	P7:0,-459	P8:0,-228	O1:7,-269	O2:0,1416	NOPE
0	AF3:9,873	AF4:0,144	F7:7,1409	F3:0,532	F4:0,801	F8:0,-83	FC5:12,314	FC6:0,799	T7:0,-424	T8:0,-137	P7:0,-463	P8:0,-267	O1:7,-278	O2:5,1394	NOPE
0	AF3:9,875	AF4:0,153	F7:7,1408	F3:0,531	F4:0,813	F8:0,-61	FC5:12,322	FC6:0,820	T7:0,-422	T8:0,-125	P7:0,-450	P8:5,-236	O1:7,-275	O2:5,1406	NOPE
0	AF3:9,872	AF4:0,160	F7:7,1408	F3:0,532	F4:0,824	F8:0,-59	FC5:12,325	FC6:0,829	T7:0,-424	T8:11,-124	P7:0,-447	P8:5,-216	O1:7,-270	O2:5,1416	NOPE
0	AF3:9,876	AF4:0,162	F7:7,1414	F3:0,535	F4:0,818	F8:7,-63	FC5:12,321	FC6:0,822	T7:0,-423	T8:11,-128	P7:0,-452	P8:5,-227	O1:7,-271	O2:5,1417	NOPE
0	AF3:9,876	AF4:2,178	F7:7,1411	F3:0,540	F4:0,829	F8:7,-24	FC5:12,329	FC6:0,841	T7:0,-423	T8:11,-109	P7:0,-449	P8:5,-197	O1:7,-273	O2:5,1436	NOPE
0	AF3:9,872	AF4:2,190	F7:7,1417	F3:0,544	F4:0,848	F8:7,13	FC5:12,338	FC6:0,866	T7:0,-423	T8:11,-90	P7:0,-445	P8:5,-162	O1:7,-273	O2:5,1450	NOPE
0	AF3:9,877	AF4:2,190	F7:7,1425	F3:0,545	F4:5,849	F8:7,21	FC5:12,339	FC6:0,870	T7:0,-423	T8:11,-88	P7:0,-448	P8:5,-154	O1:7,-269	O2:5,1451	NOPE
0	AF3:9,879	AF4:2,187	F7:7,1420	F3:0,542	F4:5,844	F8:7,12	FC5:12,335	FC6:0,867	T7:0,-423	T8:11,-90	P7:0,-450	P8:5,-150	O1:7,-265	O2:5,1453	NOPE
0	AF3:9,873	AF4:1,177	F7:7,1415	F3:0,538	F4:5,840	F8:7,-14	FC5:12,333	FC6:0,852	T7:0,-423	T8:11,-105	P7:0,-450	P8:5,-175	O1:7,-271	O2:5,1443	NOPE
0	AF3:9,872	AF4:1,175	F7:7,1416	F3:0,536	F4:5,841	F8:7,-27	FC5:12,333	FC6:0,836	T7:0,-423	T8:11,-121	P7:0,-448	P8:5,-209	O1:7,-273	O2:5,1427	NOPE
0	AF3:9,873	AF4:1,175	F7:7,1411	F3:0,535	F4:5,836	F8:7,-28	FC5:12,327	FC6:0,834	T7:0,-423	T8:11,-123	P7:0,-450	P8:5,-209	O1:7,-271	O2:5,1415	NOPE
0	AF3:9,869	AF4:1,159	F7:7,1408	F3:0,535	F4:5,822	F8:7,-43	FC5:12,320	FC6:0,829	T7:0,-423	T8:11,-122	P7:0,-453	P8:5,-209	O1:7,-273	O2:5,1406	NOPE
0	AF3:9,873	AF4:1,160	F7:7,1415	F3:0,536	F4:5,825	F8:7,-43	FC5:12,326	FC6:0,830	T7:0,-423	T8:11,-122	P7:0,-450	P8:5,-214	O1:7,-272	O2:5,1414	NOPE
0	AF3:9,878	AF4:1,178	F7:7,1416	F3:0,535	F4:5,837	F8:7,-21	FC5:12,332	FC6:0,839	T7:0,-424	T8:11,-119	P7:0,-449	P8:5,-201	O1:7,-263	O2:5,1427	NOPE
0	AF3:9,874	AF4:1,165	F7:7,1408	F3:0,534	F4:5,822	F8:7,-39	FC5:12,322	FC6:0,828	T7:0,-423	T8:11,-122	P7:0,-451	P8:5,-207	O1:7,-263	O2:5,1417	NOPE
0	AF3:9,873	AF4:1,152	F7:7,1410	F3:0,535	F4:5,809	F8:7,-63	FC5:12,317	FC6:0,810	T7:0,-422	T8:11,-128	P7:0,-449	P8:5,-223	O1:7,-272	O2:5,1406	NOPE
0	AF3:9,876	AF4:1,153	F7:7,1414	F3:0,535	F4:5,810	F8:7,-83	FC5:12,318	FC6:0,797	T7:0,-425	T8:11,-143	P7:0,-451	P8:5,-252	O1:7,-272	O2:5,1390	NOPE
0	AF3:9,870	AF4:1,133	F7:7,1406	F3:0,530	F4:5,791	F8:7,-125	FC5:12,310	FC6:0,775	T7:0,-425	T8:11,-173	P7:0,-460	P8:5,-300	O1:7,-270	O2:5,1367	NOPE
0	AF3:9,864	AF4:1,120	F7:7,1402	F3:0,527	F4:5,778	F8:7,-139	FC5:12,302	FC6:0,765	T7:0,-419	T8:11,-183	P7:0,-463	P8:5,-319	O1:7,-273	O2:5,1363	NOPE
0	AF3:9,868	AF4:1,141	F7:7,1410	F3:0,530	F4:5,790	F8:7,-113	FC5:12,306	FC6:0,783	T7:0,-417	T8:11,-166	P7:0,-456	P8:5,-295	O1:7,-274	O2:5,1375	NOPE
0	AF3:9,873	AF4:1,155	F7:7,1411	F3:0,533	F4:5,801	F8:7,-82	FC5:12,316	FC6:0,804	T7:0,-419	T8:11,-151	P7:0,-455	P8:5,-260	O1:7,-275	O2:5,1388	NOPE
0	AF3:9,872	AF4:1,152	F7:7,1406	F3:0,537	F4:5,810	F8:7,-63	FC5:12,322	FC6:0,813	T7:0,-419	T8:11,-146	P7:0,-459	P8:5,-236	O1:7,-275	O2:5,1402	NOPE
0	AF3:9,868	AF4:1,153	F7:7,1409	F3:0,537	F4:5,812	F8:7,-65	FC5:12,323	FC6:0,808	T7:0,-418	T8:11,-148	P7:0,-454	P8:5,-241	O1:7,-272	O2:5,1401	NOPE
0	AF3:9,870	AF4:1,151	F7:7,1409	F3:0,532	F4:5,805	F8:7,-73	FC5:12,320	FC6:0,802	T7:0,-419	T8:11,-150	P7:0,-445	P8:5,-254	O1:7,-272	O2:5,1392	NOPE
0	AF3:9,874	AF4:1,153	F7:7,1407	F3:0,535	F4:5,812	F8:7,-61	FC5:12,321	FC6:0,818	T7:0,-418	T8:11,-143	P7:0,-451	P8:5,-236	O1:7,-268	O2:5,1401	NOPE
0	AF3:9,873	AF4:1,153	F7:7,1409	F3:0,540	F4:5,818	F8:7,-61	FC5:12,321	FC6:0,818	T7:0,-418	T8:11,-147	P7:0,-458	P8:5,-237	O1:7,-261	O2:5,1399	NOPE
0	AF3:9,872	AF4:1,150	F7:7,1410	F3:0,538	F4:5,809	F8:7,-74	FC5:12,317	FC6:0,800	T7:0,-419	T8:11,-155	P7:0,-450	P8:5,-252	O1:7,-262	O2:5,1391	NOPE
0	AF3:9,872	AF4:1,169	F7:7,1410	F3:0,548	F4:5,822	F8:7,-35	FC5:12,324	FC6:0,825	T7:0,-418	T8:11,-130	P7:0,-444	P8:5,-203	O1:7,-266	O2:5,1414	NOPE
0	AF3:9,876	AF4:1,189	F7:7,1412	F3:0,559	F4:5,847	F8:7,14	FC5:12,339	FC6:0,862	T7:0,-418	T8:11,-104	P7:0,-449	P8:5,-150	O1:7,-263	O2:5,1441	NOPE
0	AF3:9,876	AF4:1,186	F7:7,1416	F3:0,551	F4:5,847	F8:7,12	FC5:12,339	FC6:0,852	T7:0,-419	T8:11,-109	P7:0,-451	P8:5,-161	O1:7,-263	O2:5,1437	NOPE
0	AF3:9,873	AF4:1,179	F7:7,1424	F3:0,541	F4:5,838	F8:7,6	FC5:12,330	FC6:0,845	T7:0,-418	T8:11,-109	P7:0,-450	P8:5,-166	O1:7,-266	O2:5,1427	NOPE
0	AF3:9,879	AF4:1,185	F7:7,1422	F3:0,542	F4:5,843	F8:7,21	FC5:12,336	FC6:0,864	T7:0,-419	T8:11,-103	P7:0,-450	P8:5,-145	O1:7,-263	O2:5,1438	NOPE
0	AF3:9,882	AF4:1,185	F7:7,1414	F3:0,541	F4:5,845	F8:7,10	FC5:12,341	FC6:0,853	T7:0,-419	T8:11,-117	P7:0,-447	P8:5,-158	O1:7,-262	O2:5,1436	NOPE
0	AF3:9,875	AF4:1,168	F7:7,1411	F3:0,536	F4:5,832	F8:7,-28	FC5:12,330	FC6:0,823	T7:0,-417	T8:11,-129	P7:0,-446	P8:5,-193	O1:7,-264	O2:5,1408	NOPE
0	AF3:9,869	AF4:1,167	F7:7,1411	F3:0,538	F4:5,825	F8:7,-34	FC5:12,326	FC6:0,825	T7:0,-416	T8:11,-127	P7:0,-448	P8:5,-203	O1:7,-265	O2:5,1401	NOPE
0	AF3:9,874	AF4:1,179	F7:7,1415	F3:0,537	F4:5,834	F8:7,-4	FC5:12,334	FC6:0,844	T7:0,-416	T8:11,-121	P7:0,-447	P8:5,-182	O1:7,-265	O2:5,1427	NOPE
0	AF3:9,881	AF4:1,185	F7:7,1422	F3:0,538	F4:5,847	F8:7,22	FC5:12,337	FC6:0,860	T7:0,-416	T8:11,-109	P7:0,-444	P8:5,-149	O1:7,-262	O2:5,1442	NOPE
0	AF3:9,886	AF4:1,193	F7:7,1422	F3:0,547	F4:5,857	F8:7,40	FC5:12,339	FC6:0,875	T7:0,-416	T8:11,-93	P7:0,-443	P8:5,-127	O1:7,-262	O2:5,1444	NOPE
0	AF3:9,895	AF4:1,212	F7:7,1427	F3:0,558	F4:5,875	F8:7,87	FC5:12,352	FC6:0,903	T7:0,-416	T8:11,-70	P7:0,-442	P8:5,-86	O1:7,-262	O2:5,1473	NOPE
0	AF3:9,901	AF4:1,227	F7:7,1441	F3:0,562	F4:5,895	F8:7,131	FC5:12,361	FC6:0,926	T7:0,-416	T8:11,-51	P7:0,-437	P8:5,-40	O1:7,-255	O2:5,1504	NOPE
0	AF3:9,897	AF4:1,216	F7:7,1438	F3:0,558	F4:5,881	F8:7,100	FC5:12,353	FC6:0,906	T7:0,-416	T8:11,-66	P7:0,-438	P8:5,-63	O1:7,-247	O2:5,1482	NOPE
0	AF3:9,887	AF4:1,193	F7:7,1424	F3:0,550	F4:5,852	F8:7,42	FC5:12,347	FC6:0,871	T7:0,-416	T8:11,-97	P7:0,-444	P8:5,-121	O1:7,-249	O2:5,1445	NOPE
0	AF3:9,886	AF4:1,194	F7:7,1423	F3:0,538	F4:5,857	F8:7,52	FC5:12,353	FC6:0,875	T7:0,-416	T8:11,-93	P7:0,-444	P8:5,-119	O1:7,-249	O2:5,1449	NOPE
0	AF3:9,896	AF4:1,214	F7:7,1429	F3:0,537	F4:5,879	F8:7,96	FC5:12,354	FC6:0,902	T7:0,-416	T8:11,-70	P7:0,-439	P8:5,-76	O1:7,-247	O2:5,1473	NOPE
0	AF3:9,898	AF4:1,215	F7:7,1430	F3:0,550	F4:5,876	F8:7,96	FC5:12,350	FC6:0,905	T7:0,-416	T8:11,-75	P7:0,-440	P8:5,-70	O1:7,-247	O2:5,1475	NOPE
0	AF3:9,892	AF4:1,204	F7:7,1430	F3:0,562	F4:5,867	F8:7,68	FC5:12,350	FC6:0,889	T7:0,-416	T8:11,-91	P7:0,-443	P8:5,-97	O1:7,-246	O2:5,1465	NOPE
0	AF3:9,887	AF4:1,200	F7:7,1423	F3:0,559	F4:5,864	F8:7,55	FC5:12,346	FC6:0,880	T7:0,-416	T8:11,-93	P7:0,-442	P8:5,-110	O1:7,-248	O2:5,1458	NOPE
0	AF3:9,879	AF4:1,190	F7:7,1416	F3:0,546	F4:5,853	F8:7,29	FC5:12,336	FC6:0,864	T7:0,-416	T8:11,-102	P7:0,-444	P8:5,-131	O1:7,-260	O2:5,1441	NOPE
0	AF3:9,872	AF4:1,177	F7:7,1422	F3:0,538	F4:5,835	F8:7,-6	FC5:12,331	FC6:0,845	T7:0,-416	T8:11,-126	P7:0,-447	P8:5,-177	O1:7,-263	O2:5,1420	NOPE
0	AF3:9,876	AF4:1,181	F7:7,1425	F3:0,543	F4:5,839	F8:7,1	FC5:12,332	FC6:0,850	T7:0,-416	T8:11,-128	P7:0,-448	P8:5,-180	O1:7,-256	O2:5,1421	NOPE
0	AF3:9,886	AF4:1,186	F7:7,1422	F3:0,545	F4:5,850	F8:7,34	FC5:12,335	FC6:0,869	T7:0,-417	T8:11,-104	P7:0,-444	P8:5,-136	O1:7,-257	O2:5,1435	NOPE
0	AF3:9,888	AF4:1,187	F7:7,1423	F3:0,544	F4:5,851	F8:7,35	FC5:12,341	FC6:0,871	T7:0,-417	T8:11,-94	P7:0,-441	P8:5,-130	O1:7,-261	O2:5,1441	NOPE
0	AF3:9,888	AF4:1,184	F7:7,1418	F3:0,544	F4:5,842	F8:7,9	FC5:12,341	FC6:0,852	T7:0,-417	T8:11,-113	P7:0,-445	P8:5,-165	O1:7,-259	O2:5,1432	NOPE
0	AF3:9,888	AF4:1,179	F7:7,1408	F3:0,551	F4:5,836	F8:7,-5	FC5:12,332	FC6:0,838	T7:0,-417	T8:11,-126	P7:0,-451	P8:5,-185	O1:7,-260	O2:5,1414	NOPE
0	AF3:9,886	AF4:1,180	F7:7,1413	F3:0,561	F4:5,838	F8:7,5	FC5:12,330	FC6:0,846	T7:0,-417	T8:11,-119	P7:0,-448	P8:5,-169	O1:7,-261	O2:5,1415	NOPE
0	AF3:9,883	AF4:1,180	F7:7,1422	F3:0,566	F4:5,839	F8:7,14	FC5:12,332	FC6:0,854	T7:0,-417	T8:11,-119	P7:0,-445	P8:5,-157	O1:7,-262	O2:5,1424	NOPE
0	AF3:9,884	AF4:1,188	F7:7,1423	F3:0,560	F4:5,847	F8:7,33	FC5:12,338	FC6:0,860	T7:0,-417	T8:11,-114	P7:0,-446	P8:5,-143	O1:7,-259	O2:5,1432	NOPE
0	AF3:9,890	AF4:1,204	F7:7,1428	F3:0,562	F4:5,869	F8:7,82	FC5:12,351	FC6:0,890	T7:0,-417	T8:11,-87	P7:0,-444	P8:5,-95	O1:7,-251	O2:5,1458	NOPE
0	AF3:9,892	AF4:1,206	F7:7,1427	F3:0,566	F4:5,871	F8:7,86	FC5:12,352	FC6:0,900	T7:0,-417	T8:11,-80	P7:0,-441	P8:5,-84	O1:7,-253	O2:5,1465	NOPE
0	AF3:9,885	AF4:1,184	F7:7,1415	F3:0,551	F4:5,848	F8:7,21	FC5:12,338	FC6:0,858	T7:0,-417	T8:11,-112	P7:0,-442	P8:5,-148	O1:7,-260	O2:5,1431	NOPE
0	AF3:9,876	AF4:1,163	F7:7,1408	F3:0,533	F4:5,825	F8:7,-31	FC5:12,330	FC6:0,824	T7:0,-417	T8:11,-143	P7:0,-447	P8:5,-211	O1:7,-259	O2:5,1400	NOPE
0	AF3:9,874	AF4:1,157	F7:7,1412	F3:0,533	F4:5,815	F8:7,-51	FC5:12,327	FC6:0,815	T7:0,-417	T8:11,-152	P7:0,-449	P8:5,-229	O1:7,-261	O2:5,1388	NOPE
0	AF3:9,874	AF4:1,146	F7:7,1411	F3:0,536	F4:5,800	F8:7,-89	FC5:12,316	FC6:0,791	T7:0,-417	T8:11,-164	P7:0,-448	P8:5,-261	O1:7,-262	O2:5,1361	NOPE
0	AF3:9,873	AF4:1,144	F7:7,1407	F3:0,533	F4:5,800	F8:7,-85	FC5:12,319	FC6:0,797	T7:0,-417	T8:11,-163	P7:0,-451	P8:5,-259	O1:7,-258	O2:5,1367	NOPE
0	AF3:9,874	AF4:1,167	F7:7,1416	F3:0,545	F4:5,829	F8:7,-14	FC5:12,334	FC6:0,845	T7:0,-417	T8:11,-133	P7:0,-449	P8:5,-188	O1:7,-260	O2:5,1412	NOPE
0	AF3:9,878	AF4:1,185	F7:7,1426	F3:0,553	F4:5,853	F8:7,24	FC5:12,342	FC6:0,861	T7:0,-417	T8:11,-114	P7:0,-442	P8:5,-148	O1:7,-256	O2:5,1426	NOPE
1	AF3:9,877	AF4:1,177	F7:7,1418	F3:0,543	F4:5,842	F8:7,-5	FC5:12,337	FC6:0,837	T7:0,-417	T8:11,-127	P7:0,-443	P8:5,-178	O1:7,-246	O2:5,1408	NOPE
1	AF3:9,874	AF4:1,161	F7:7,1407	F3:0,536	F4:5,820	F8:7,-38	FC5:12,327	FC6:0,820	T7:0,-417	T8:11,-143	P7:0,-451	P8:5,-212	O1:7,-255	O2:5,1394	NOPE
1	AF3:9,872	AF4:1,151	F7:7,1409	F3:0,538	F4:5,810	F8:7,-64	FC5:12,320	FC6:0,809	T7:0,-417	T8:11,-162	P7:0,-449	P8:5,-240	O1:7,-266	O2:5,1385	NOPE
1	AF3:9,871	AF4:1,140	F7:7,1411	F3:0,535	F4:5,798	F8:7,-100	FC5:12,318	FC6:0,781	T7:0,-417	T8:11,-187	P7:0,-445	P8:5,-282	O1:7,-259	O2:5,1364	NOPE
1	AF3:9,873	AF4:1,144	F7:7,1409	F3:0,532	F4:5,800	F8:7,-87	FC5:12,320	FC6:0,790	T7:0,-416	T8:11,-179	P7:0,-447	P8:5,-270	O1:7,-257	O2:5,1363	NOPE
1	AF3:9,876	AF4:1,158	F7:7,1411	F3:0,537	F4:5,815	F8:7,-31	FC5:12,321	FC6:0,826	T7:0,-413	T8:11,-152	P7:0,-447	P8:5,-210	O1:7,-263	O2:5,1392	NOPE
1	AF3:9,875	AF4:1,159	F7:7,1410	F3:0,538	F4:5,815	F8:7,-22	FC5:12,325	FC6:0,823	T7:0,-413	T8:11,-151	P7:0,-447	P8:5,-204	O1:7,-256	O2:5,1400	NOPE
1	AF3:9,875	AF4:2,154	F7:7,1409	F3:0,534	F4:5,811	F8:7,-49	FC5:12,330	FC6:0,805	T7:0,-416	T8:11,-159	P7:0,-447	P8:5,-230	O1:7,-245	O2:5,1381	NOPE
1	AF3:9,878	AF4:2,154	F7:7,1411	F3:0,534	F4:5,812	F8:7,-48	FC5:12,327	FC6:0,810	T7:0,-416	T8:11,-155	P7:0,-447	P8:5,-222	O1:7,-254	O2:5,1375	NOPE
1	AF3:9,876	AF4:2,159	F7:7,1410	F3:0,540	F4:5,810	F8:7,-34	FC5:12,328	FC6:0,821	T7:0,-416	T8:11,-151	P7:0,-447	P8:5,-206	O1:7,-262	O2:5,1389	NOPE
1	AF3:9,874	AF4:2,163	F7:7,1410	F3:0,542	F4:5,813	F8:7,-30	FC5:12,333	FC6:0,821	T7:0,-417	T8:11,-149	P7:0,-447	P8:5,-207	O1:7,-257	O2:5,1401	NOPE
1	AF3:9,874	AF4:2,157	F7:7,1412	F3:0,538	F4:5,816	F8:7,-40	FC5:12,328	FC6:0,820	T7:0,-416	T8:11,-149	P7:0,-447	P8:5,-216	O1:7,-258	O2:5,1394	NOPE
1	AF3:9,875	AF4:2,148	F7:7,1410	F3:0,544	F4:5,811	F8:7,-51	FC5:12,322	FC6:0,814	T7:0,-415	T8:11,-158	P7:0,-447	P8:5,-223	O1:7,-261	O2:5,1383	NOPE
1	AF3:9,876	AF4:2,166	F7:7,1410	F3:0,560	F4:5,824	F8:7,-20	FC5:12,333	FC6:0,830	T7:0,-415	T8:11,-143	P7:0,-447	P8:5,-196	O1:7,-249	O2:5,1400	NOPE
1	AF3:9,877	AF4:2,186	F7:7,1410	F3:0,566	F4:5,842	F8:7,12	FC5:12,342	FC6:0,850	T7:0,-415	T8:11,-122	P7:0,-447	P8:5,-162	O1:7,-244	O2:5,1418	NOPE
1	AF3:9,874	AF4:2,178	F7:7,1414	F3:0,556	F4:5,836	F8:7,2	FC5:12,335	FC6:0,840	T7:0,-414	T8:11,-133	P7:0,-446	P8:5,-172	O1:7,-252	O2:5,1406	NOPE
1	AF3:9,873	AF4:2,169	F7:7,1420	F3:0,546	F4:5,835	F8:7,-4	FC5:12,334	FC6:0,836	T7:0,-412	T8:11,-145	P7:0,-446	P8:5,-179	O1:7,-251	O2:5,1405	NOPE
1	AF3:9,876	AF4:2,174	F7:7,1417	F3:0,543	F4:5,840	F8:7,6	FC5:12,340	FC6:0,846	T7:0,-414	T8:11,-137	P7:0,-446	P8:5,-168	O1:7,-244	O2:5,1416	NOPE
1	AF3:9,875	AF4:2,169	F7:7,1409	F3:0,539	F4:5,827	F8:7,-20	FC5:12,329	FC6:0,828	T7:0,-417	T8:11,-152	P7:0,-444	P8:5,-198	O1:7,-250	O2:5,1394	NOPE
1	AF3:9,873	AF4:2,149	F7:7,1407	F3:0,536	F4:5,807	F8:7,-75	FC5:12,315	FC6:0,796	T7:0,-417	T8:11,-182	P7:0,-448	P8:5,-252	O1:7,-259	O2:5,1363	NOPE
1	AF3:9,871	AF4:2,130	F7:7,1410	F3:0,535	F4:5,791	F8:7,-108	FC5:12,317	FC6:0,781	T7:0,-413	T8:11,-190	P7:0,-454	P8:5,-280	O1:7,-258	O2:5,1352	NOPE
1	AF3:9,867	AF4:2,124	F7:7,1408	F3:0,534	F4:5,780	F8:7,-120	FC5:12,317	FC6:0,770	T7:0,-413	T8:11,-195	P7:0,-451	P8:5,-294	O1:7,-254	O2:5,1345	NOPE
1	AF3:9,861	AF4:2,121	F7:7,1405	F3:0,528	F4:5,778	F8:7,-141	FC5:12,306	FC6:0,751	T7:0,-416	T8:11,-212	P7:0,-449	P8:5,-320	O1:7,-257	O2:5,1332	NOPE
1	AF3:9,857	AF4:2,113	F7:7,1405	F3:0,524	F4:5,774	F8:7,-160	FC5:12,300	FC6:0,743	T7:0,-415	T8:11,-219	P7:0,-459	P8:5,-341	O1:7,-261	O2:5,1325	NOPE
1	AF3:9,863	AF4:2,125	F7:7,1408	F3:0,529	F4:5,786	F8:7,-120	FC5:12,311	FC6:0,767	T7:0,-414	T8:11,-198	P7:0,-460	P8:5,-303	O1:7,-256	O2:5,1342	NOPE
1	AF3:9,871	AF4:2,154	F7:7,1410	F3:0,539	F4:5,813	F8:7,-44	FC5:12,329	FC6:0,808	T7:0,-412	T8:11,-165	P7:0,-447	P8:5,-228	O1:7,-246	O2:5,1375	NOPE
1	AF3:9,875	AF4:2,158	F7:7,1409	F3:0,541	F4:5,818	F8:7,-30	FC5:12,336	FC6:0,819	T7:0,-410	T8:11,-154	P7:0,-445	P8:5,-209	O1:7,-242	O2:5,1384	NOPE
1	AF3:9,874	AF4:2,148	F7:7,1410	F3:0,539	F4:5,811	F8:7,-47	FC5:12,326	FC6:0,808	T7:0,-412	T8:11,-161	P7:0,-453	P8:5,-230	O1:7,-246	O2:5,1373	NOPE
1	AF3:9,874	AF4:2,159	F7:7,1414	F3:0,541	F4:5,817	F8:7,-31	FC5:12,325	FC6:0,818	T7:0,-415	T8:11,-158	P7:0,-450	P8:5,-217	O1:7,-248	O2:5,1382	NOPE
1	AF3:9,872	AF4:2,160	F7:7,1414	F3:0,538	F4:5,815	F8:7,-21	FC5:12,334	FC6:0,832	T7:0,-415	T8:11,-153	P7:0,-445	P8:5,-198	O1:7,-248	O2:5,1398	NOPE
1	AF3:9,876	AF4:2,157	F7:7,1411	F3:0,537	F4:5,818	F8:7,-15	FC5:12,337	FC6:0,834	T7:0,-414	T8:11,-150	P7:0,-445	P8:5,-190	O1:7,-249	O2:5,1403	NOPE
1	AF3:9,882	AF4:2,170	F7:7,1417	F3:0,542	F4:5,837	F8:7,5	FC5:12,336	FC6:0,841	T7:0,-415	T8:11,-141	P7:0,-444	P8:5,-171	O1:7,-249	O2:5,1406	NOPE
1	AF3:9,878	AF4:2,172	F7:7,1419	F3:0,541	F4:5,836	F8:7,2	FC5:12,337	FC6:0,841	T7:0,-416	T8:11,-145	P7:0,-445	P8:5,-177	O1:7,-248	O2:5,1401	NOPE
1	AF3:9,869	AF4:2,167	F7:7,1413	F3:0,538	F4:5,826	F8:7,-3	FC5:12,338	FC6:0,834	T7:0,-415	T8:11,-152	P7:0,-447	P8:5,-185	O1:7,-248	O2:5,1398	NOPE
1	AF3:9,867	AF4:2,166	F7:7,1411	F3:0,538	F4:5,828	F8:7,3	FC5:12,337	FC6:0,837	T7:0,-415	T8:11,-150	P7:0,-444	P8:5,-178	O1:7,-248	O2:5,1400	NOPE
1	AF3:9,871	AF4:2,160	F7:7,1414	F3:0,535	F4:5,819	F8:7,-30	FC5:12,328	FC6:0,825	T7:0,-415	T8:11,-165	P7:0,-444	P8:5,-204	O1:7,-248	O2:5,1385	NOPE
1	AF3:9,869	AF4:2,147	F7:7,1411	F3:0,535	F4:5,804	F8:7,-63	FC5:12,325	FC6:0,800	T7:0,-415	T8:11,-176	P7:0,-448	P8:5,-235	O1:7,-248	O2:5,1366	NOPE
1	AF3:9,865	AF4:2,151	F7:7,1408	F3:0,538	F4:5,811	F8:7,-45	FC5:12,336	FC6:0,806	T7:0,-414	T8:11,-163	P7:0,-450	P8:5,-222	O1:7,-247	O2:5,1372	NOPE
1	AF3:9,874	AF4:2,166	F7:7,1417	F3:0,538	F4:5,831	F8:7,-11	FC5:12,338	FC6:0,833	T7:0,-413	T8:11,-150	P7:0,-445	P8:5,-190	O1:7,-246	O2:5,1396	NOPE
1	AF3:9,884	AF4:2,168	F7:7,1424	F3:0,537	F4:5,834	F8:7,0	FC5:12,333	FC6:0,842	T7:0,-413	T8:11,-145	P7:0,-440	P8:5,-174	O1:7,-246	O2:5,1408	NOPE
1	AF3:9,875	AF4:2,157	F7:7,1418	F3:0,538	F4:5,818	F8:7,-22	FC5:12,331	FC6:0,823	T7:0,-414	T8:11,-153	P7:0,-443	P8:5,-195	O1:7,-247	O2:5,1392	NOPE
1	AF3:9,867	AF4:2,148	F7:7,1410	F3:0,538	F4:5,808	F8:7,-50	FC5:12,329	FC6:0,803	T7:0,-415	T8:11,-175	P7:0,-448	P8:5,-235	O1:7,-246	O2:5,1368	NOPE
1	AF3:9,880	AF4:2,158	F7:7,1411	F3:0,538	F4:5,816	F8:7,-35	FC5:12,331	FC6:0,814	T7:0,-414	T8:11,-165	P7:0,-444	P8:5,-225	O1:7,-246	O2:5,1372	NOPE
1	AF3:9,886	AF4:2,161	F7:7,1413	F3:0,537	F4:5,817	F8:7,-16	FC5:12,336	FC6:0,828	T7:0,-413	T8:11,-147	P7:0,-441	P8:5,-194	O1:7,-246	O2:5,1385	NOPE
1	AF3:9,875	AF4:2,156	F7:7,1411	F3:0,539	F4:5,810	F8:7,-32	FC5:12,335	FC6:0,815	T7:0,-414	T8:11,-164	P7:0,-446	P8:5,-207	O1:7,-246	O2:5,1377	NOPE
1	AF3:9,871	AF4:2,154	F7:7,1410	F3:0,538	F4:5,809	F8:7,-51	FC5:12,333	FC6:0,802	T7:0,-414	T8:11,-179	P7:0,-450	P8:5,-227	O1:7,-245	O2:5,1367	NOPE
1	AF3:9,870	AF4:2,139	F7:7,1409	F3:0,533	F4:5,795	F8:7,-79	FC5:12,325	FC6:0,789	T7:0,-414	T8:11,-191	P7:0,-450	P8:5,-256	O1:7,-248	O2:5,1353	NOPE
1	AF3:9,867	AF4:2,121	F7:7,1407	F3:0,530	F4:5,778	F8:7,-105	FC5:12,309	FC6:0,771	T7:0,-415	T8:11,-212	P7:0,-450	P8:5,-287	O1:7,-251	O2:5,1340	NOPE
1	AF3:9,871	AF4:2,126	F7:7,1410	F3:0,530	F4:5,784	F8:7,-98	FC5:12,310	FC6:0,769	T7:0,-417	T8:11,-207	P7:0,-450	P8:5,-283	O1:7,-249	O2:5,1340	NOPE
1	AF3:9,872	AF4:2,141	F7:7,1411	F3:0,530	F4:5,796	F8:7,-81	FC5:12,320	FC6:0,785	T7:0,-417	T8:11,-189	P7:0,-448	P8:5,-262	O1:7,-248	O2:5,1351	NOPE
1	AF3:9,871	AF4:2,150	F7:7,1408	F3:0,533	F4:5,804	F8:7,-49	FC5:12,327	FC6:0,808	T7:0,-413	T8:11,-178	P7:0,-447	P8:5,-230	O1:7,-248	O2:5,1371	NOPE
1	AF3:9,877	AF4:2,174	F7:7,1416	F3:0,539	F4:5,831	F8:7,15	FC5:12,337	FC6:0,841	T7:0,-413	T8:11,-152	P7:0,-443	P8:5,-171	O1:7,-244	O2:5,1401	NOPE
1	AF3:9,883	AF4:2,188	F7:7,1423	F3:0,539	F4:5,845	F8:7,32	FC5:12,343	FC6:0,850	T7:0,-415	T8:11,-135	P7:0,-439	P8:5,-147	O1:7,-241	O2:5,1410	NOPE
1	AF3:9,875	AF4:2,161	F7:7,1414	F3:0,535	F4:5,819	F8:7,-24	FC5:12,330	FC6:0,823	T7:0,-414	T8:11,-163	P7:0,-442	P8:5,-205	O1:7,-244	O2:5,1383	NOPE
1	AF3:9,870	AF4:2,146	F7:7,1409	F3:0,535	F4:5,805	F8:7,-43	FC5:12,324	FC6:0,810	T7:0,-414	T8:11,-182	P7:0,-448	P8:5,-230	O1:7,-246	O2:5,1368	NOPE
1	AF3:9,873	AF4:2,160	F7:7,1414	F3:0,537	F4:5,814	F8:7,-26	FC5:12,332	FC6:0,814	T7:0,-415	T8:11,-172	P7:0,-448	P8:5,-208	O1:7,-246	O2:5,1375	NOPE
1	AF3:9,873	AF4:2,155	F7:7,1412	F3:0,534	F4:5,811	F8:7,-45	FC5:12,331	FC6:0,806	T7:0,-403	T8:11,-176	P7:0,-448	P8:5,-225	O1:7,-245	O2:5,1370	NOPE
1	AF3:9,876	AF4:2,147	F7:7,1406	F3:0,532	F4:5,812	F8:7,-47	FC5:12,328	FC6:0,812	T7:0,-393	T8:11,-174	P7:0,-448	P8:5,-228	O1:7,-243	O2:5,1369	NOPE
1	AF3:9,883	AF4:2,168	F7:7,1409	F3:0,537	F4:5,834	F8:7,7	FC5:12,336	FC6:0,835	T7:0,-405	T8:11,-155	P7:0,-444	P8:5,-174	O1:7,-243	O2:5,1394	NOPE
1	AF3:9,890	AF4:2,185	F7:7,1420	F3:0,540	F4:5,846	F8:7,45	FC5:12,348	FC6:0,852	T7:0,-412	T8:11,-141	P7:0,-440	P8:5,-138	O1:7,-243	O2:5,1411	NOPE
1	AF3:9,887	AF4:2,184	F7:7,1425	F3:0,538	F4:5,845	F8:7,48	FC5:12,352	FC6:0,864	T7:0,-404	T8:11,-135	P7:0,-441	P8:5,-137	O1:7,-237	O2:5,1410	NOPE
1	AF3:9,880	AF4:2,184	F7:7,1416	F3:0,539	F4:5,845	F8:7,39	FC5:12,346	FC6:0,860	T7:0,-409	T8:11,-139	P7:0,-444	P8:5,-143	O1:7,-234	O2:5,1408	NOPE
1	AF3:9,874	AF4:2,177	F7:7,1408	F3:0,539	F4:5,837	F8:7,8	FC5:12,337	FC6:0,837	T7:0,-418	T8:11,-155	P7:0,-444	P8:5,-167	O1:7,-243	O2:5,1395	NOPE
1	AF3:9,872	AF4:2,169	F7:7,1414	F3:0,543	F4:5,827	F8:7,-14	FC5:12,332	FC6:0,830	T7:0,-415	T8:11,-163	P7:0,-444	P8:5,-187	O1:7,-248	O2:5,1384	NOPE
1	AF3:9,875	AF4:2,176	F7:7,1423	F3:0,558	F4:5,833	F8:7,13	FC5:12,336	FC6:0,843	T7:0,-417	T8:11,-152	P7:0,-444	P8:5,-167	O1:7,-244	O2:5,1395	NOPE
1	AF3:9,878	AF4:2,187	F7:7,1426	F3:0,564	F4:5,844	F8:7,38	FC5:12,339	FC6:0,848	T7:0,-412	T8:11,-142	P7:0,-443	P8:5,-141	O1:7,-241	O2:5,1409	NOPE
1	AF3:9,874	AF4:2,177	F7:7,1424	F3:0,550	F4:5,835	F8:7,14	FC5:12,336	FC6:0,840	T7:0,-398	T8:11,-150	P7:0,-444	P8:5,-158	O1:7,-242	O2:5,1398	NOPE
1	AF3:9,874	AF4:2,163	F7:7,1421	F3:0,542	F4:5,826	F8:7,-8	FC5:12,336	FC6:0,830	T7:0,-402	T8:11,-161	P7:0,-445	P8:5,-187	O1:7,-241	O2:5,1384	NOPE
1	AF3:9,884	AF4:2,175	F7:7,1424	F3:0,545	F4:5,839	F8:7,25	FC5:12,349	FC6:0,843	T7:0,-418	T8:11,-149	P7:0,-443	P8:5,-161	O1:7,-241	O2:5,1398	NOPE
1	AF3:9,889	AF4:2,191	F7:7,1426	F3:0,544	F4:5,850	F8:7,45	FC5:12,351	FC6:0,860	T7:0,-417	T8:11,-135	P7:0,-443	P8:5,-125	O1:7,-235	O2:5,1413	NOPE
1	AF3:9,886	AF4:2,179	F7:7,1421	F3:0,541	F4:5,840	F8:7,22	FC5:12,343	FC6:0,856	T7:0,-408	T8:11,-145	P7:0,-446	P8:5,-145	O1:7,-233	O2:5,1407	NOPE
1	AF3:9,888	AF4:2,179	F7:7,1421	F3:0,540	F4:5,843	F8:7,29	FC5:12,348	FC6:0,858	T7:0,-411	T8:11,-150	P7:0,-446	P8:5,-150	O1:7,-239	O2:5,1405	NOPE
1	AF3:9,892	AF4:2,190	F7:7,1424	F3:0,538	F4:5,850	F8:7,44	FC5:12,349	FC6:0,857	T7:0,-411	T8:11,-143	P7:0,-444	P8:5,-135	O1:7,-241	O2:5,1407	NOPE
1	AF3:9,885	AF4:2,166	F7:7,1417	F3:0,538	F4:5,827	F8:7,-5	FC5:12,333	FC6:0,827	T7:0,-412	T8:11,-157	P7:0,-445	P8:5,-178	O1:7,-234	O2:5,1383	NOPE
1	AF3:9,879	AF4:2,150	F7:7,1406	F3:0,539	F4:5,811	F8:7,-33	FC5:12,332	FC6:0,817	T7:0,-413	T8:11,-171	P7:0,-445	P8:5,-210	O1:7,-233	O2:5,1369	NOPE
1	AF3:9,887	AF4:2,180	F7:7,1416	F3:0,537	F4:5,836	F8:7,19	FC5:12,346	FC6:0,850	T7:0,-406	T8:11,-156	P7:0,-445	P8:5,-161	O1:7,-239	O2:5,1396	NOPE
1	AF3:9,886	AF4:2,188	F7:7,1425	F3:0,543	F4:5,847	F8:7,33	FC5:12,341	FC6:0,856	T7:0,-405	T8:11,-145	P7:0,-445	P8:5,-142	O1:7,-234	O2:5,1405	NOPE
1	AF3:9,877	AF4:2,167	F7:7,1419	F3:0,558	F4:5,828	F8:7,-3	FC5:12,331	FC6:0,830	T7:0,-410	T8:11,-159	P7:0,-445	P8:5,-180	O1:7,-229	O2:5,1384	NOPE
1	AF3:9,884	AF4:2,175	F7:7,1418	F3:0,563	F4:5,839	F8:7,22	FC5:12,343	FC6:0,845	T7:0,-408	T8:11,-149	P7:0,-445	P8:5,-160	O1:7,-233	O2:5,1392	NOPE
1	AF3:9,892	AF4:2,192	F7:7,1427	F3:0,557	F4:5,861	F8:7,67	FC5:12,353	FC6:0,874	T7:0,-394	T8:11,-122	P7:0,-445	P8:5,-109	O1:7,-236	O2:5,1417	NOPE
1	AF3:9,885	AF4:2,184	F7:7,1428	F3:0,557	F4:5,848	F8:7,56	FC5:12,349	FC6:0,858	T7:0,-398	T8:11,-133	P7:0,-445	P8:5,-122	O1:7,-233	O2:5,1415	NOPE
1	AF3:9,887	AF4:2,184	F7:7,1422	F3:0,562	F4:5,841	F8:7,43	FC5:12,348	FC6:0,846	T7:0,-413	T8:11,-147	P7:0,-445	P8:5,-139	O1:7,-231	O2:5,1405	NOPE
1	AF3:9,890	AF4:2,185	F7:7,1423	F3:0,559	F4:5,842	F8:7,34	FC5:12,348	FC6:0,853	T7:0,-411	T8:11,-145	P7:0,-445	P8:5,-140	O1:7,-234	O2:5,1397	NOPE
1	AF3:9,877	AF4:2,162	F7:7,1419	F3:0,549	F4:5,824	F8:7,-5	FC5:12,337	FC6:0,831	T7:0,-407	T8:11,-164	P7:0,-444	P8:5,-180	O1:7,-234	O2:5,1379	NOPE
1	AF3:9,869	AF4:2,147	F7:7,1412	F3:0,540	F4:5,808	F8:7,-35	FC5:12,332	FC6:0,806	T7:0,-411	T8:11,-187	P7:0,-445	P8:5,-218	O1:7,-233	O2:5,1365	NOPE
1	AF3:9,873	AF4:2,153	F7:7,1410	F3:0,540	F4:5,813	F8:7,-36	FC5:12,334	FC6:0,808	T7:0,-417	T8:11,-183	P7:0,-446	P8:5,-218	O1:7,-237	O2:5,1365	NOPE
2	AF3:9,874	AF4:2,154	F7:7,1410	F3:0,541	F4:5,815	F8:7,-33	FC5:12,334	FC6:0,812	T7:0,-411	T8:11,-177	P7:0,-445	P8:5,-212	O1:7,-237	O2:5,1367	NOPE
2	AF3:9,873	AF4:2,148	F7:7,1409	F3:0,540	F4:5,808	F8:7,-36	FC5:12,334	FC6:0,808	T7:0,-397	T8:11,-182	P7:0,-444	P8:5,-215	O1:7,-235	O2:5,1366	NOPE
2	AF3:9,873	AF4:2,152	F7:7,1411	F3:0,539	F4:5,808	F8:7,-34	FC5:12,332	FC6:0,807	T7:0,-395	T8:11,-185	P7:0,-442	P8:5,-220	O1:7,-237	O2:5,1363	NOPE
2	AF3:9,875	AF4:2,164	F7:7,1416	F3:0,540	F4:5,826	F8:7,-1	FC5:12,334	FC6:0,827	T7:0,-405	T8:11,-172	P7:0,-443	P8:5,-193	O1:7,-234	O2:5,1375	NOPE
2	AF3:9,875	AF4:2,164	F7:7,1414	F3:0,546	F4:5,833	F8:7,11	FC5:12,338	FC6:0,839	T7:0,-409	T8:11,-165	P7:0,-445	P8:5,-171	O1:7,-231	O2:5,1382	NOPE
2	AF3:9,872	AF4:2,150	F7:7,1412	F3:0,542	F4:5,813	F8:7,-19	FC5:12,332	FC6:0,817	T7:0,-403	T8:11,-181	P7:0,-446	P8:5,-203	O1:7,-232	O2:5,1370	NOPE
2	AF3:9,879	AF4:2,161	F7:7,1415	F3:0,539	F4:5,821	F8:7,-5	FC5:12,337	FC6:0,818	T7:0,-399	T8:11,-173	P7:0,-444	P8:5,-198	O1:7,-232	O2:5,1374	NOPE
2	AF3:9,888	AF4:2,183	F7:7,1423	F3:0,544	F4:5,846	F8:7,37	FC5:12,349	FC6:0,846	T7:0,-400	T8:11,-151	P7:0,-440	P8:5,-153	O1:7,-230	O2:5,1390	NOPE
2	AF3:9,886	AF4:2,169	F7:7,1425	F3:0,544	F4:5,831	F8:7,10	FC5:12,345	FC6:0,840	T7:0,-411	T8:11,-163	P7:0,-439	P8:5,-171	O1:7,-231	O2:5,1381	NOPE
2	AF3:9,885	AF4:2,155	F7:7,1416	F3:0,538	F4:5,815	F8:7,-21	FC5:12,335	FC6:0,825	T7:0,-416	T8:11,-180	P7:0,-439	P8:5,-199	O1:7,-233	O2:5,1370	NOPE
2	AF3:9,887	AF4:2,170	F7:7,1415	F3:0,538	F4:5,831	F8:7,-4	FC5:12,336	FC6:0,832	T7:0,-401	T8:11,-174	P7:0,-441	P8:5,-185	O1:7,-232	O2:5,1377	NOPE
2	AF3:9,886	AF4:2,180	F7:7,1421	F3:0,545	F4:5,838	F8:7,3	FC5:12,338	FC6:0,838	T7:0,-393	T8:11,-168	P7:0,-442	P8:5,-173	O1:7,-232	O2:5,1383	NOPE
2	AF3:9,887	AF4:2,174	F7:7,1425	F3:0,557	F4:5,834	F8:7,15	FC5:12,341	FC6:0,843	T7:0,-400	T8:11,-158	P7:0,-441	P8:5,-155	O1:7,-232	O2:5,1388	NOPE
2	AF3:9,883	AF4:2,165	F7:7,1424	F3:0,566	F4:5,826	F8:7,11	FC5:12,341	FC6:0,836	T7:0,-401	T8:11,-160	P7:0,-440	P8:5,-166	O1:7,-232	O2:5,1379	NOPE
2	AF3:9,870	AF4:2,152	F7:7,1413	F3:0,554	F4:5,805	F8:7,-50	FC5:12,322	FC6:0,800	T7:0,-399	T8:11,-191	P7:0,-443	P8:5,-242	O1:7,-232	O2:5,1341	NOPE
2	AF3:9,868	AF4:2,151	F7:7,1411	F3:0,544	F4:5,806	F8:7,-53	FC5:12,323	FC6:0,802	T7:0,-396	T8:11,-189	P7:0,-446	P8:5,-243	O1:7,-232	O2:5,1346	NOPE
2	AF3:9,879	AF4:2,167	F7:7,1422	F3:0,555	F4:5,834	F8:7,18	FC5:12,348	FC6:0,841	T7:0,-398	T8:11,-157	P7:0,-443	P8:5,-163	O1:7,-232	O2:5,1389	NOPE
2	AF3:9,887	AF4:2,178	F7:7,1424	F3:0,559	F4:5,844	F8:7,39	FC5:12,348	FC6:0,849	T7:0,-407	T8:11,-149	P7:0,-439	P8:5,-150	O1:7,-232	O2:5,1395	NOPE
2	AF3:9,887	AF4:2,176	F7:7,1415	F3:0,548	F4:5,833	F8:7,11	FC5:12,334	FC6:0,835	T7:0,-407	T8:11,-157	P7:0,-440	P8:5,-174	O1:7,-232	O2:5,1380	NOPE
2	AF3:9,877	AF4:2,163	F7:7,1412	F3:0,539	F4:5,821	F8:7,-9	FC5:12,336	FC6:0,822	T7:0,-397	T8:11,-170	P7:0,-442	P8:5,-184	O1:7,-232	O2:5,1371	NOPE
2	AF3:9,871	AF4:2,148	F7:7,1410	F3:0,537	F4:5,808	F8:7,-43	FC5:12,331	FC6:0,802	T7:0,-396	T8:11,-190	P7:0,-443	P8:5,-224	O1:7,-232	O2:5,1352	NOPE
2	AF3:9,874	AF4:2,151	F7:7,1408	F3:0,536	F4:5,806	F8:7,-50	FC5:12,326	FC6:0,799	T7:0,-399	T8:11,-193	P7:0,-444	P8:5,-241	O1:7,-232	O2:5,1352	NOPE
2	AF3:9,873	AF4:2,155	F7:7,1411	F3:0,541	F4:5,812	F8:7,-25	FC5:12,335	FC6:0,812	T7:0,-394	T8:11,-181	P7:0,-444	P8:5,-209	O1:7,-232	O2:5,1367	NOPE
2	AF3:9,872	AF4:2,150	F7:7,1415	F3:0,541	F4:5,812	F8:7,-28	FC5:12,333	FC6:0,811	T7:0,-392	T8:11,-186	P7:0,-444	P8:5,-205	O1:7,-232	O2:5,1358	NOPE
2	AF3:9,880	AF4:2,161	F7:7,1423	F3:0,537	F4:5,819	F8:7,-17	FC5:12,335	FC6:0,818	T7:0,-395	T8:11,-179	P7:0,-443	P8:5,-204	O1:7,-232	O2:5,1362	NOPE
2	AF3:9,889	AF4:2,180	F7:7,1422	F3:0,549	F4:5,835	F8:7,16	FC5:12,347	FC6:0,838	T7:0,-394	T8:11,-160	P7:0,-439	P8:5,-171	O1:7,-233	O2:5,1385	NOPE
2	AF3:9,891	AF4:2,178	F7:7,1419	F3:0,558	F4:5,838	F8:7,27	FC5:12,344	FC6:0,846	T7:0,-394	T8:11,-159	P7:0,-437	P8:5,-155	O1:7,-231	O2:5,1388	NOPE
2	AF3:9,883	AF4:2,161	F7:7,1421	F3:0,546	F4:5,827	F8:7,0	FC5:12,336	FC6:0,829	T7:0,-394	T8:11,-172	P7:0,-441	P8:5,-182	O1:7,-229	O2:5,1373	NOPE
2	AF3:9,875	AF4:2,152	F7:7,1414	F3:0,536	F4:5,812	F8:7,-39	FC5:12,334	FC6:0,809	T7:0,-394	T8:11,-190	P7:0,-443	P8:5,-223	O1:7,-230	O2:5,1354	NOPE
2	AF3:9,876	AF4:2,153	F7:7,1409	F3:0,540	F4:5,809	F8:7,-45	FC5:12,333	FC6:0,806	T7:0,-394	T8:11,-197	P7:0,-442	P8:5,-229	O1:7,-230	O2:5,1343	NOPE
2	AF3:9,874	AF4:2,152	F7:7,1416	F3:0,537	F4:5,811	F8:7,-31	FC5:12,333	FC6:0,809	T7:0,-394	T8:11,-190	P7:0,-442	P8:5,-214	O1:7,-227	O2:5,1348	NOPE
2	AF3:9,879	AF4:2,157	F7:7,1418	F3:0,546	F4:5,815	F8:7,-20	FC5:12,336	FC6:0,817	T7:0,-394	T8:11,-178	P7:0,-443	P8:5,-203	O1:7,-228	O2:5,1358	NOPE
2	AF3:9,889	AF4:2,173	F7:7,1414	F3:0,561	F4:5,830	F8:7,4	FC5:12,336	FC6:0,833	T7:0,-394	T8:11,-172	P7:0,-441	P8:5,-179	O1:7,-229	O2:5,1374	NOPE
2	AF3:9,882	AF4:2,168	F7:7,1414	F3:0,550	F4:5,829	F8:7,7	FC5:12,336	FC6:0,833	T7:0,-395	T8:11,-178	P7:0,-442	P8:5,-176	O1:7,-230	O2:5,1377	NOPE
2	AF3:9,867	AF4:2,148	F7:7,1411	F3:0,539	F4:5,810	F8:7,-22	FC5:12,334	FC6:0,814	T7:0,-394	T8:11,-185	P7:0,-445	P8:5,-204	O1:7,-230	O2:5,1362	NOPE
2	AF3:9,877	AF4:2,163	F7:7,1414	F3:0,554	F4:5,823	F8:7,1	FC5:12,339	FC6:0,828	T7:0,-393	T8:11,-165	P7:0,-441	P8:5,-175	O1:7,-230	O2:5,1379	NOPE
2	AF3:9,893	AF4:2,177	F7:7,1420	F3:0,566	F4:5,835	F8:7,26	FC5:12,348	FC6:0,841	T7:0,-400	T8:11,-157	P7:0,-437	P8:5,-148	O1:7,-233	O2:5,1392	NOPE
2	AF3:9,884	AF4:2,155	F7:7,1413	F3:0,550	F4:5,809	F8:7,-25	FC5:12,337	FC6:0,811	T7:0,-403	T8:11,-189	P7:0,-440	P8:5,-206	O1:7,-227	O2:5,1356	NOPE
2	AF3:9,874	AF4:2,150	F7:7,1411	F3:0,542	F4:5,804	F8:7,-37	FC5:12,330	FC6:0,805	T7:0,-398	T8:11,-191	P7:0,-444	P8:5,-224	O1:7,-220	O2:5,1347	NOPE
2	AF3:9,874	AF4:2,162	F7:7,1412	F3:0,544	F4:5,821	F8:7,-6	FC5:12,339	FC6:0,826	T7:0,-397	T8:11,-169	P7:0,-441	P8:5,-186	O1:7,-228	O2:5,1373	NOPE
2	AF3:9,873	AF4:2,155	F7:7,1412	F3:0,537	F4:5,812	F8:7,-22	FC5:12,338	FC6:0,819	T7:0,-398	T8:11,-186	P7:0,-442	P8:5,-197	O1:7,-235	O2:5,1369	NOPE
2	AF3:9,876	AF4:2,159	F7:7,1418	F3:0,540	F4:5,820	F8:7,-9	FC5:12,335	FC6:0,825	T7:0,-396	T8:11,-184	P7:0,-445	P8:5,-188	O1:7,-227	O2:5,1369	NOPE
2	AF3:9,892	AF4:2,197	F7:7,1429	F3:0,559	F4:5,859	F8:7,83	FC5:12,353	FC6:0,881	T7:0,-396	T8:11,-132	P7:0,-435	P8:5,-97	O1:7,-220	O2:5,1417	NOPE
2	AF3:9,902	AF4:2,211	F7:7,1431	F3:0,566	F4:5,864	F8:7,105	FC5:12,361	FC6:0,896	T7:0,-399	T8:11,-124	P7:0,-426	P8:5,-71	O1:7,-224	O2:5,1433	NOPE
2	AF3:9,883	AF4:2,174	F7:7,1423	F3:0,558	F4:5,828	F8:7,9	FC5:12,343	FC6:0,835	T7:0,-398	T8:11,-177	P7:0,-438	P8:5,-168	O1:7,-230	O2:5,1378	NOPE
2	AF3:9,872	AF4:2,147	F7:7,1413	F3:0,557	F4:5,806	F8:7,-39	FC5:12,331	FC6:0,804	T7:0,-398	T8:11,-198	P7:0,-447	P8:5,-227	O1:7,-230	O2:5,1346	NOPE
2	AF3:9,884	AF4:2,159	F7:7,1409	F3:0,559	F4:5,814	F8:7,0	FC5:12,336	FC6:0,830	T7:0,-398	T8:11,-180	P7:0,-440	P8:5,-196	O1:7,-226	O2:5,1364	NOPE
2	AF3:9,890	AF4:2,167	F7:7,1412	F3:0,553	F4:5,818	F8:7,5	FC5:12,340	FC6:0,832	T7:0,-398	T8:11,-179	P7:0,-435	P8:5,-186	O1:7,-228	O2:5,1367	NOPE
2	AF3:9,874	AF4:2,147	F7:7,1410	F3:0,549	F4:5,806	F8:7,-47	FC5:12,332	FC6:0,796	T7:0,-397	T8:11,-194	P7:0,-440	P8:5,-227	O1:7,-232	O2:5,1341	NOPE
2	AF3:9,868	AF4:2,144	F7:7,1410	F3:0,553	F4:5,804	F8:7,-52	FC5:12,326	FC6:0,794	T7:0,-395	T8:11,-194	P7:0,-439	P8:5,-234	O1:7,-230	O2:5,1340	NOPE
2	AF3:9,882	AF4:2,165	F7:7,1415	F3:0,563	F4:5,824	F8:7,5	FC5:12,339	FC6:0,830	T7:0,-395	T8:11,-177	P7:0,-437	P8:5,-186	O1:7,-229	O2:5,1369	NOPE
2	AF3:9,888	AF4:2,167	F7:7,1412	F3:0,557	F4:5,830	F8:7,21	FC5:12,348	FC6:0,834	T7:0,-395	T8:11,-171	P7:0,-441	P8:5,-168	O1:7,-229	O2:5,1378	NOPE
2	AF3:9,880	AF4:2,149	F7:7,1409	F3:0,538	F4:5,811	F8:7,-37	FC5:12,333	FC6:0,801	T7:0,-395	T8:11,-194	P7:0,-445	P8:5,-217	O1:7,-229	O2:5,1348	NOPE
2	AF3:9,871	AF4:2,143	F7:7,1410	F3:0,541	F4:5,798	F8:7,-70	FC5:12,319	FC6:0,788	T7:0,-395	T8:11,-216	P7:0,-443	P8:5,-254	O1:7,-230	O2:5,1329	NOPE
2	AF3:9,878	AF4:2,154	F7:7,1409	F3:0,558	F4:5,806	F8:7,-34	FC5:12,327	FC6:0,810	T7:0,-395	T8:11,-204	P7:0,-443	P8:5,-223	O1:7,-225	O2:5,1349	NOPE
2	AF3:9,890	AF4:2,169	F7:7,1416	F3:0,561	F4:5,829	F8:7,20	FC5:12,344	FC6:0,842	T7:0,-395	T8:11,-167	P7:0,-441	P8:5,-157	O1:7,-219	O2:5,1379	NOPE
2	AF3:9,891	AF4:2,186	F7:7,1428	F3:0,559	F4:5,848	F8:7,52	FC5:12,350	FC6:0,862	T7:0,-395	T8:11,-147	P7:0,-435	P8:5,-119	O1:7,-221	O2:5,1388	NOPE
2	AF3:9,887	AF4:2,184	F7:7,1423	F3:0,561	F4:5,836	F8:7,34	FC5:12,342	FC6:0,851	T7:0,-395	T8:11,-162	P7:0,-437	P8:5,-146	O1:7,-223	O2:5,1379	NOPE
2	AF3:9,887	AF4:2,166	F7:7,1409	F3:0,560	F4:5,817	F8:7,-4	FC5:12,331	FC6:0,829	T7:0,-395	T8:11,-182	P7:0,-445	P8:5,-183	O1:7,-223	O2:5,1367	NOPE
2	AF3:9,886	AF4:2,169	F7:7,1407	F3:0,559	F4:5,827	F8:7,7	FC5:12,339	FC6:0,833	T7:0,-395	T8:11,-181	P7:0,-437	P8:5,-168	O1:7,-223	O2:5,1371	NOPE
2	AF3:9,888	AF4:2,183	F7:7,1418	F3:0,562	F4:5,845	F8:7,42	FC5:12,352	FC6:0,850	T7:0,-395	T8:11,-161	P7:0,-426	P8:5,-135	O1:7,-222	O2:5,1384	NOPE
2	AF3:9,893	AF4:2,181	F7:7,1422	F3:0,560	F4:5,837	F8:7,35	FC5:12,343	FC6:0,845	T7:0,-395	T8:11,-156	P7:0,-433	P8:5,-140	O1:7,-224	O2:5,1381	NOPE
2	AF3:9,882	AF4:2,159	F7:7,1413	F3:0,557	F4:5,811	F8:7,-11	FC5:12,329	FC6:0,818	T7:0,-395	T8:11,-181	P7:0,-445	P8:5,-183	O1:7,-229	O2:5,1367	NOPE
2	AF3:9,876	AF4:2,150	F7:7,1409	F3:0,558	F4:5,809	F8:7,-26	FC5:12,337	FC6:0,809	T7:0,-395	T8:11,-195	P7:0,-443	P8:5,-207	O1:7,-225	O2:5,1360	NOPE
2	AF3:9,891	AF4:2,171	F7:7,1421	F3:0,560	F4:5,833	F8:7,24	FC5:12,350	FC6:0,841	T7:0,-395	T8:11,-168	P7:0,-432	P8:5,-163	O1:7,-217	O2:5,1373	NOPE
2	AF3:9,898	AF4:2,190	F7:7,1428	F3:0,562	F4:5,847	F8:7,74	FC5:12,352	FC6:0,872	T7:0,-395	T8:11,-142	P7:0,-426	P8:5,-110	O1:7,-217	O2:5,1398	NOPE
2	AF3:9,890	AF4:2,185	F7:7,1424	F3:0,564	F4:5,838	F8:7,55	FC5:12,350	FC6:0,862	T7:0,-395	T8:11,-155	P7:0,-426	P8:5,-126	O1:7,-220	O2:5,1401	NOPE
2	AF3:9,890	AF4:2,179	F7:7,1423	F3:0,567	F4:5,840	F8:7,34	FC5:12,350	FC6:0,850	T7:0,-395	T8:11,-161	P7:0,-428	P8:5,-144	O1:7,-220	O2:5,1389	NOPE
2	AF3:9,895	AF4:2,188	F7:7,1426	F3:0,564	F4:5,847	F8:7,61	FC5:12,349	FC6:0,866	T7:0,-395	T8:11,-145	P7:0,-428	P8:5,-116	O1:7,-219	O2:5,1396	NOPE
2	AF3:9,893	AF4:2,190	F7:7,1426	F3:0,559	F4:5,848	F8:7,73	FC5:12,353	FC6:0,871	T7:0,-395	T8:11,-145	P7:0,-428	P8:5,-105	O1:7,-219	O2:5,1406	NOPE
2	AF3:9,894	AF4:2,187	F7:7,1425	F3:0,560	F4:5,847	F8:7,55	FC5:12,354	FC6:0,857	T7:0,-395	T8:11,-158	P7:0,-425	P8:5,-125	O1:7,-219	O2:5,1397	NOPE
2	AF3:9,895	AF4:2,189	F7:7,1423	F3:0,564	F4:5,841	F8:7,52	FC5:12,350	FC6:0,858	T7:0,-395	T8:11,-157	P7:0,-426	P8:5,-127	O1:7,-219	O2:5,1392	NOPE
2	AF3:9,893	AF4:2,188	F7:7,1425	F3:0,563	F4:5,843	F8:7,59	FC5:12,350	FC6:0,863	T7:0,-395	T8:11,-151	P7:0,-426	P8:5,-120	O1:7,-218	O2:5,1393	NOPE
2	AF3:9,886	AF4:2,181	F7:7,1426	F3:0,560	F4:5,843	F8:7,34	FC5:12,348	FC6:0,846	T7:0,-395	T8:11,-166	P7:0,-426	P8:5,-145	O1:7,-216	O2:5,1382	NOPE
2	AF3:9,885	AF4:2,172	F7:7,1417	F3:0,560	F4:5,823	F8:7,-1	FC5:12,342	FC6:0,830	T7:0,-395	T8:11,-187	P7:0,-435	P8:5,-176	O1:7,-218	O2:5,1369	NOPE
2	AF3:9,887	AF4:2,161	F7:7,1411	F3:0,561	F4:5,808	F8:7,-10	FC5:12,341	FC6:0,824	T7:0,-395	T8:11,-185	P7:0,-442	P8:5,-192	O1:7,-219	O2:5,1360	NOPE
2	AF3:9,879	AF4:2,152	F7:7,1416	F3:0,561	F4:5,812	F8:7,-18	FC5:12,337	FC6:0,811	T7:0,-395	T8:11,-184	P7:0,-439	P8:5,-209	O1:7,-219	O2:5,1349	NOPE
2	AF3:9,872	AF4:2,150	F7:7,1416	F3:0,561	F4:5,813	F8:7,-35	FC5:12,332	FC6:0,799	T7:0,-395	T8:11,-200	P7:0,-438	P8:5,-217	O1:7,-220	O2:5,1342	NOPE
2	AF3:9,876	AF4:2,151	F7:7,1411	F3:0,560	F4:5,806	F8:7,-39	FC5:12,333	FC6:0,801	T7:0,-395	T8:11,-210	P7:0,-442	P8:5,-218	O1:7,-217	O2:5,1341	NOPE
2	AF3:9,877	AF4:2,151	F7:7,1412	F3:0,561	F4:5,807	F8:7,-33	FC5:12,332	FC6:0,806	T7:0,-395	T8:11,-206	P7:0,-442	P8:5,-226	O1:7,-220	O2:5,1343	NOPE
2	AF3:9,871	AF4:2,150	F7:7,1415	F3:0,561	F4:5,804	F8:7,-44	FC5:12,331	FC6:0,802	T7:0,-395	T8:11,-209	P7:0,-441	P8:5,-240	O1:7,-229	O2:5,1335	NOPE
2	AF3:9,872	AF4:2,134	F7:7,1411	F3:0,550	F4:5,790	F8:7,-77	FC5:12,329	FC6:0,778	T7:0,-395	T8:11,-227	P7:0,-443	P8:5,-263	O1:7,-228	O2:5,1317	NOPE
2	AF3:9,876	AF4:2,120	F7:7,1408	F3:0,535	F4:5,780	F8:7,-89	FC5:12,321	FC6:0,768	T7:0,-395	T8:11,-237	P7:0,-444	P8:5,-281	O1:7,-218	O2:5,1308	NOPE
2	AF3:9,873	AF4:2,135	F7:7,1410	F3:0,533	F4:5,787	F8:7,-65	FC5:12,324	FC6:0,786	T7:0,-395	T8:11,-224	P7:0,-445	P8:5,-261	O1:7,-217	O2:5,1319	NOPE
3	AF3:9,873	AF4:2,146	F7:7,1412	F3:0,541	F4:5,800	F8:7,-50	FC5:12,334	FC6:0,792	T7:0,-395	T8:11,-209	P7:0,-444	P8:5,-233	O1:7,-220	O2:5,1328	RELAX
3	AF3:9,874	AF4:2,134	F7:7,1410	F3:0,544	F4:5,798	F8:7,-60	FC5:12,331	FC6:0,784	T7:0,-395	T8:11,-216	P7:0,-442	P8:5,-244	O1:7,-217	O2:5,1323	RELAX
3	AF3:9,871	AF4:2,122	F7:7,1408	F3:0,539	F4:5,784	F8:7,-78	FC5:12,322	FC6:0,776	T7:0,-395	T8:11,-232	P7:0,-442	P8:5,-269	O1:7,-218	O2:5,1314	RELAX
3	AF3:9,870	AF4:2,120	F7:7,1410	F3:0,538	F4:5,775	F8:7,-98	FC5:12,318	FC6:0,769	T7:0,-395	T8:11,-242	P7:0,-444	P8:5,-283	O1:7,-220	O2:5,1309	RELAX
3	AF3:9,872	AF4:2,125	F7:7,1410	F3:0,540	F4:5,781	F8:7,-93	FC5:12,321	FC6:0,770	T7:0,-395	T8:11,-238	P7:0,-444	P8:5,-278	O1:7,-220	O2:5,1313	RELAX
3	AF3:9,871	AF4:2,136	F7:7,1407	F3:0,539	F4:5,792	F8:7,-59	FC5:12,327	FC6:0,783	T7:0,-395	T8:11,-223	P7:0,-442	P8:5,-256	O1:7,-220	O2:5,1325	RELAX
3	AF3:9,874	AF4:2,151	F7:7,1406	F3:0,547	F4:5,802	F8:7,-35	FC5:12,333	FC6:0,799	T7:0,-395	T8:11,-207	P7:0,-441	P8:5,-229	O1:7,-218	O2:5,1338	RELAX
3	AF3:9,884	AF4:2,158	F7:7,1416	F3:0,555	F4:5,819	F8:7,-19	FC5:12,340	FC6:0,818	T7:0,-395	T8:11,-193	P7:0,-440	P8:5,-197	O1:7,-217	O2:5,1353	RELAX
3	AF3:9,889	AF4:2,161	F7:7,1423	F3:0,555	F4:5,829	F8:7,11	FC5:12,352	FC6:0,839	T7:0,-395	T8:11,-179	P7:0,-438	P8:5,-168	O1:7,-217	O2:5,1367	RELAX
3	AF3:9,880	AF4:2,160	F7:7,1413	F3:0,551	F4:5,819	F8:7,11	FC5:12,352	FC6:0,830	T7:0,-395	T8:11,-185	P7:0,-438	P8:5,-176	O1:7,-217	O2:5,1363	RELAX
3	AF3:9,873	AF4:2,154	F7:7,1412	F3:0,548	F4:5,807	F8:7,-21	FC5:12,341	FC6:0,806	T7:0,-395	T8:11,-201	P7:0,-439	P8:5,-203	O1:7,-218	O2:5,1343	RELAX
3	AF3:9,874	AF4:2,152	F7:7,1422	F3:0,543	F4:5,808	F8:7,-38	FC5:12,336	FC6:0,799	T7:0,-395	T8:11,-207	P7:0,-438	P8:5,-219	O1:7,-217	O2:5,1336	RELAX
3	AF3:9,874	AF4:2,149	F7:7,1416	F3:0,540	F4:5,808	F8:7,-42	FC5:12,336	FC6:0,801	T7:0,-395	T8:11,-210	P7:0,-438	P8:5,-231	O1:7,-217	O2:5,1337	RELAX
3	AF3:9,871	AF4:2,141	F7:7,1407	F3:0,539	F4:5,798	F8:7,-55	FC5:12,331	FC6:0,792	T7:0,-395	T8:11,-216	P7:0,-444	P8:5,-241	O1:7,-220	O2:5,1326	RELAX
3	AF3:9,871	AF4:2,127	F7:7,1409	F3:0,535	F4:5,782	F8:7,-89	FC5:12,321	FC6:0,766	T7:0,-395	T8:11,-237	P7:0,-448	P8:5,-272	O1:7,-220	O2:5,1310	RELAX
3	AF3:9,871	AF4:2,116	F7:7,1408	F3:0,533	F4:5,771	F8:7,-115	FC5:12,319	FC6:0,751	T7:0,-395	T8:11,-251	P7:0,-445	P8:5,-311	O1:7,-219	O2:5,1301	RELAX
3	AF3:9,871	AF4:2,127	F7:7,1406	F3:0,537	F4:5,788	F8:7,-86	FC5:12,327	FC6:0,769	T7:0,-395	T8:11,-231	P7:0,-442	P8:5,-281	O1:7,-219	O2:5,1311	RELAX
3	AF3:9,881	AF4:2,148	F7:7,1410	F3:0,544	F4:5,811	F8:7,-31	FC5:12,338	FC6:0,800	T7:0,-395	T8:11,-207	P7:0,-442	P8:5,-215	O1:7,-219	O2:5,1334	RELAX
3	AF3:9,889	AF4:2,160	F7:7,1412	F3:0,546	F4:5,818	F8:7,-5	FC5:12,344	FC6:0,817	T7:0,-395	T8:11,-200	P7:0,-441	P8:5,-189	O1:7,-217	O2:5,1353	RELAX
3	AF3:9,881	AF4:2,154	F7:7,1414	F3:0,540	F4:5,814	F8:7,-24	FC5:12,340	FC6:0,813	T7:0,-395	T8:11,-208	P7:0,-438	P8:5,-210	O1:7,-217	O2:5,1345	RELAX
3	AF3:9,872	AF4:2,142	F7:7,1414	F3:0,538	F4:5,807	F8:7,-53	FC5:12,334	FC6:0,793	T7:0,-395	T8:11,-222	P7:0,-438	P8:5,-240	O1:7,-217	O2:5,1320	RELAX
3	AF3:9,873	AF4:2,142	F7:7,1411	F3:0,539	F4:5,802	F8:7,-54	FC5:12,333	FC6:0,785	T7:0,-395	T8:11,-223	P7:0,-440	P8:5,-240	O1:7,-217	O2:5,1321	RELAX
3	AF3:9,876	AF4:2,154	F7:7,1410	F3:0,536	F4:5,811	F8:7,-19	FC5:12,339	FC6:0,805	T7:0,-395	T8:11,-207	P7:0,-438	P8:5,-209	O1:7,-219	O2:5,1344	RELAX
3	AF3:9,876	AF4:2,157	F7:7,1410	F3:0,536	F4:5,815	F8:7,-15	FC5:12,338	FC6:0,812	T7:0,-395	T8:11,-205	P7:0,-435	P8:5,-211	O1:7,-220	O2:5,1346	RELAX
3	AF3:9,874	AF4:2,136	F7:7,1409	F3:0,538	F4:5,793	F8:7,-73	FC5:12,326	FC6:0,784	T7:0,-395	T8:12,-227	P7:0,-443	P8:5,-266	O1:7,-221	O2:5,1316	RELAX
3	AF3:9,869	AF4:2,116	F7:7,1406	F3:0,535	F4:5,773	F8:7,-125	FC5:12,317	FC6:0,750	T7:0,-395	T8:12,-250	P7:0,-451	P8:5,-309	O1:7,-221	O2:5,1287	RELAX
3	AF3:9,868	AF4:2,112	F7:7,1405	F3:0,533	F4:5,768	F8:7,-127	FC5:12,314	FC6:0,738	T7:0,-395	T8:12,-263	P7:0,-449	P8:5,-320	O1:7,-219	O2:5,1281	RELAX
3	AF3:9,872	AF4:2,123	F7:7,1407	F3:0,535	F4:5,780	F8:7,-87	FC5:12,322	FC6:0,764	T7:0,-395	T8:12,-241	P7:0,-444	P8:5,-285	O1:7,-218	O2:5,1304	RELAX
3	AF3:9,874	AF4:2,136	F7:7,1410	F3:0,539	F4:5,799	F8:7,-51	FC5:12,334	FC6:0,792	T7:0,-395	T8:12,-214	P7:0,-444	P8:5,-237	O1:7,-218	O2:5,1326	RELAX
3	AF3:9,873	AF4:2,131	F7:7,1408	F3:0,540	F4:5,792	F8:7,-69	FC5:12,332	FC6:0,780	T7:0,-395	T8:12,-226	P7:0,-448	P8:5,-256	O1:7,-218	O2:5,1315	RELAX
3	AF3:9,871	AF4:2,122	F7:7,1406	F3:0,536	F4:5,775	F8:7,-99	FC5:12,325	FC6:0,761	T7:0,-395	T8:12,-246	P7:0,-448	P8:5,-290	O1:7,-219	O2:5,1301	RELAX
3	AF3:9,875	AF4:2,126	F7:7,1409	F3:0,535	F4:5,781	F8:7,-80	FC5:12,327	FC6:0,773	T7:0,-395	T8:12,-238	P7:0,-442	P8:5,-272	O1:7,-220	O2:5,1312	RELAX
3	AF3:9,874	AF4:2,130	F7:7,1409	F3:0,540	F4:5,790	F8:7,-55	FC5:12,328	FC6:0,786	T7:0,-395	T8:12,-228	P7:0,-439	P8:5,-249	O1:7,-219	O2:5,1322	RELAX
3	AF3:9,869	AF4:2,123	F7:7,1408	F3:0,540	F4:5,782	F8:7,-85	FC5:12,321	FC6:0,765	T7:0,-395	T8:12,-239	P7:0,-445	P8:5,-278	O1:7,-216	O2:5,1304	RELAX
3	AF3:9,868	AF4:2,118	F7:7,1408	F3:0,534	F4:5,774	F8:7,-121	FC5:12,314	FC6:0,744	T7:0,-395	T8:12,-259	P7:0,-448	P8:5,-308	O1:7,-218	O2:5,1282	RELAX
3	AF3:9,868	AF4:2,119	F7:7,1407	F3:0,533	F4:5,769	F8:7,-124	FC5:12,309	FC6:0,747	T7:0,-395	T8:12,-266	P7:0,-444	P8:5,-318	O1:7,-220	O2:5,1280	RELAX
3	AF3:9,870	AF4:2,119	F7:7,1406	F3:0,538	F4:5,772	F8:7,-108	FC5:12,315	FC6:0,757	T7:0,-395	T8:12,-256	P7:0,-441	P8:5,-309	O1:7,-218	O2:5,1289	RELAX
3	AF3:9,874	AF4:2,123	F7:7,1407	F3:0,538	F4:5,781	F8:7,-94	FC5:12,325	FC6:0,760	T7:0,-395	T8:12,-244	P7:0,-442	P8:5,-289	O1:7,-217	O2:5,1294	RELAX
3	AF3:9,875	AF4:2,124	F7:7,1409	F3:0,533	F4:5,782	F8:7,-92	FC5:12,323	FC6:0,757	T7:0,-395	T8:12,-244	P7:0,-445	P8:5,-281	O1:7,-220	O2:5,1290	RELAX
3	AF3:9,873	AF4:2,126	F7:7,1407	F3:0,531	F4:5,778	F8:7,-91	FC5:12,321	FC6:0,760	T7:0,-395	T8:12,-246	P7:0,-448	P8:5,-278	O1:7,-222	O2:5,1296	RELAX
3	AF3:9,871	AF4:2,124	F7:7,1407	F3:0,537	F4:5,779	F8:7,-84	FC5:12,323	FC6:0,770	T7:0,-395	T8:12,-243	P7:0,-446	P8:5,-268	O1:7,-220	O2:5,1305	RELAX
3	AF3:9,872	AF4:2,124	F7:7,1412	F3:0,540	F4:5,784	F8:7,-79	FC5:12,323	FC6:0,775	T7:0,-395	T8:12,-241	P7:0,-442	P8:5,-265	O1:7,-217	O2:5,1302	RELAX
3	AF3:9,871	AF4:2,126	F7:7,1410	F3:0,538	F4:5,784	F8:7,-91	FC5:12,320	FC6:0,761	T7:0,-397	T8:12,-246	P7:0,-445	P8:5,-283	O1:7,-217	O2:5,1291	RELAX
3	AF3:9,865	AF4:2,111	F7:7,1404	F3:0,535	F4:5,770	F8:7,-127	FC5:12,313	FC6:0,739	T7:0,-397	T8:12,-265	P7:0,-449	P8:5,-324	O1:7,-220	O2:5,1278	RELAX
3	AF3:9,864	AF4:2,102	F7:7,1403	F3:0,533	F4:5,764	F8:7,-145	FC5:12,306	FC6:0,732	T7:0,-397	T8:12,-276	P7:0,-446	P8:5,-338	O1:7,-220	O2:5,1273	RELAX
3	AF3:9,868	AF4:2,114	F7:7,1405	F3:0,534	F4:5,772	F8:7,-122	FC5:12,306	FC6:0,739	T7:0,-397	T8:12,-270	P7:0,-444	P8:5,-315	O1:7,-218	O2:5,1279	RELAX
3	AF3:9,870	AF4:2,112	F7:7,1406	F3:0,538	F4:5,764	F8:7,-115	FC5:12,309	FC6:0,750	T7:0,-397	T8:12,-267	P7:0,-447	P8:5,-307	O1:7,-218	O2:5,1286	RELAX
3	AF3:9,864	AF4:2,95	F7:7,1406	F3:0,537	F4:5,749	F8:7,-143	FC5:12,309	FC6:0,739	T7:0,-397	T8:12,-274	P7:0,-449	P8:5,-332	O1:7,-218	O2:5,1275	RELAX
3	AF3:9,858	AF4:2,92	F7:7,1403	F3:0,533	F4:5,750	F8:7,-152	FC5:12,307	FC6:0,722	T7:0,-397	T8:12,-275	P7:0,-446	P8:5,-342	O1:7,-218	O2:5,1263	RELAX
3	AF3:9,858	AF4:2,95	F7:7,1401	F3:0,531	F4:5,752	F8:7,-147	FC5:12,305	FC6:0,723	T7:0,-397	T8:12,-276	P7:0,-445	P8:5,-337	O1:7,-220	O2:5,1263	RELAX
3	AF3:9,865	AF4:2,97	F7:7,1404	F3:0,531	F4:5,757	F8:7,-147	FC5:12,309	FC6:0,734	T7:0,-396	T8:12,-279	P7:0,-447	P8:5,-339	O1:7,-220	O2:5,1272	RELAX
3	AF3:9,871	AF4:2,114	F7:7,1408	F3:0,536	F4:5,773	F8:7,-113	FC5:12,318	FC6:0,753	T7:0,-396	T8:12,-262	P7:0,-444	P8:5,-307	O1:7,-218	O2:5,1290	RELAX
3	AF3:9,873	AF4:2,141	F7:7,1406	F3:0,539	F4:5,791	F8:7,-50	FC5:12,329	FC6:0,785	T7:0,-398	T8:12,-230	P7:0,-443	P8:5,-244	O1:7,-218	O2:5,1312	RELAX
3	AF3:9,875	AF4:2,151	F7:7,1408	F3:0,540	F4:5,804	F8:7,-25	FC5:12,337	FC6:0,803	T7:0,-396	T8:12,-214	P7:0,-445	P8:5,-211	O1:7,-217	O2:5,1328	RELAX
3	AF3:9,876	AF4:2,134	F7:7,1411	F3:0,548	F4:5,804	F8:7,-46	FC5:12,333	FC6:0,790	T7:0,-393	T8:12,-224	P7:0,-446	P8:5,-233	O1:7,-217	O2:5,1320	RELAX
3	AF3:9,872	AF4:2,126	F7:7,1411	F3:0,550	F4:5,795	F8:7,-50	FC5:12,331	FC6:0,784	T7:0,-396	T8:12,-231	P7:0,-443	P8:5,-242	O1:7,-219	O2:5,1313	RELAX
3	AF3:9,872	AF4:2,145	F7:7,1412	F3:0,542	F4:5,803	F8:7,-22	FC5:12,338	FC6:0,803	T7:0,-397	T8:12,-216	P7:0,-439	P8:5,-207	O1:7,-220	O2:5,1327	RELAX
3	AF3:9,873	AF4:2,153	F7:7,1411	F3:0,542	F4:5,812	F8:7,-27	FC5:12,337	FC6:0,806	T7:0,-393	T8:12,-212	P7:0,-441	P8:5,-204	O1:7,-217	O2:5,1325	RELAX
3	AF3:9,874	AF4:2,146	F7:7,1412	F3:0,546	F4:5,807	F8:7,-41	FC5:12,332	FC6:0,795	T7:0,-392	T8:12,-221	P7:0,-442	P8:5,-225	O1:7,-214	O2:5,1320	RELAX
3	AF3:9,882	AF4:2,158	F7:7,1417	F3:0,545	F4:5,816	F8:7,3	FC5:12,347	FC6:0,814	T7:0,-395	T8:12,-209	P7:0,-434	P8:5,-191	O1:7,-215	O2:5,1343	RELAX
3	AF3:9,889	AF4:2,165	F7:7,1417	F3:0,541	F4:5,822	F8:7,24	FC5:12,353	FC6:0,830	T7:0,-395	T8:12,-197	P7:0,-433	P8:5,-163	O1:7,-216	O2:5,1354	RELAX
3	AF3:9,880	AF4:2,149	F7:7,1410	F3:0,539	F4:5,802	F8:7,-34	FC5:12,338	FC6:0,796	T7:0,-395	T8:12,-218	P7:0,-441	P8:5,-216	O1:7,-215	O2:5,1324	RELAX
3	AF3:9,871	AF4:2,145	F7:7,1406	F3:0,540	F4:5,797	F8:7,-63	FC5:12,331	FC6:0,772	T7:0,-394	T8:12,-235	P7:0,-442	P8:5,-253	O1:7,-212	O2:5,1310	RELAX
3	AF3:9,876	AF4:2,144	F7:7,1408	F3:0,542	F4:5,802	F8:7,-40	FC5:12,334	FC6:0,788	T7:0,-395	T8:12,-230	P7:0,-440	P8:5,-229	O1:7,-214	O2:5,1324	RELAX
3	AF3:9,877	AF4:2,127	F7:7,1409	F3:0,538	F4:5,785	F8:7,-57	FC5:12,328	FC6:0,786	T7:0,-396	T8:12,-239	P7:0,-448	P8:5,-242	O1:7,-219	O2:5,1314	RELAX
3	AF3:9,873	AF4:2,122	F7:7,1409	F3:0,535	F4:5,779	F8:7,-79	FC5:12,324	FC6:0,769	T7:0,-390	T8:12,-250	P7:0,-452	P8:5,-266	O1:7,-219	O2:5,1298	RELAX
3	AF3:9,874	AF4:2,148	F7:7,1409	F3:0,538	F4:5,805	F8:7,-34	FC5:12,335	FC6:0,788	T7:0,-386	T8:12,-226	P7:0,-445	P8:5,-223	O1:7,-214	O2:5,1319	RELAX
3	AF3:9,875	AF4:2,152	F7:7,1412	F3:0,540	F4:5,802	F8:7,-23	FC5:12,336	FC6:0,800	T7:0,-395	T8:12,-216	P7:0,-441	P8:5,-211	O1:7,-213	O2:5,1329	RELAX
3	AF3:9,872	AF4:2,124	F7:7,1411	F3:0,537	F4:5,776	F8:7,-85	FC5:12,321	FC6:0,770	T7:0,-399	T8:12,-248	P7:0,-443	P8:5,-274	O1:7,-214	O2:5,1291	RELAX
3	AF3:9,874	AF4:2,119	F7:7,1409	F3:0,536	F4:5,780	F8:7,-91	FC5:12,324	FC6:0,764	T7:0,-393	T8:12,-255	P7:0,-444	P8:5,-280	O1:7,-214	O2:5,1283	RELAX
3	AF3:9,875	AF4:2,132	F7:7,1414	F3:0,538	F4:5,794	F8:7,-45	FC5:12,338	FC6:0,789	T7:0,-391	T8:12,-230	P7:0,-442	P8:5,-231	O1:7,-213	O2:5,1316	RELAX
3	AF3:9,870	AF4:2,126	F7:7,1410	F3:0,536	F4:5,782	F8:7,-74	FC5:12,329	FC6:0,774	T7:0,-393	T8:12,-246	P7:0,-443	P8:5,-259	O1:7,-213	O2:5,1308	RELAX
3	AF3:9,867	AF4:2,113	F7:7,1401	F3:0,533	F4:5,766	F8:7,-132	FC5:12,315	FC6:0,737	T7:0,-392	T8:12,-279	P7:0,-446	P8:5,-319	O1:7,-214	O2:5,1269	RELAX
3	AF3:9,870	AF4:2,119	F7:7,1404	F3:0,534	F4:5,772	F8:7,-102	FC5:12,321	FC6:0,749	T7:0,-392	T8:12,-263	P7:0,-446	P8:5,-296	O1:7,-214	O2:5,1275	RELAX
3	AF3:9,873	AF4:2,130	F7:7,1412	F3:0,539	F4:5,785	F8:7,-51	FC5:12,329	FC6:0,782	T7:0,-393	T8:12,-234	P7:0,-444	P8:5,-249	O1:7,-213	O2:5,1304	RELAX
3	AF3:9,874	AF4:2,126	F7:7,1408	F3:0,540	F4:5,784	F8:7,-73	FC5:12,325	FC6:0,772	T7:0,-392	T8:12,-244	P7:0,-443	P8:5,-265	O1:7,-216	O2:5,1302	RELAX
3	AF3:9,875	AF4:2,115	F7:7,1404	F3:0,536	F4:5,774	F8:7,-116	FC5:12,321	FC6:0,745	T7:0,-391	T8:12,-265	P7:0,-444	P8:5,-302	O1:7,-218	O2:5,1281	RELAX
3	AF3:9,873	AF4:2,119	F7:7,1407	F3:0,534	F4:5,774	F8:7,-97	FC5:12,320	FC6:0,755	T7:0,-394	T8:12,-260	P7:0,-444	P8:5,-289	O1:7,-215	O2:5,1282	RELAX
4	AF3:9,872	AF4:2,132	F7:7,1410	F3:0,538	F4:5,788	F8:7,-47	FC5:12,328	FC6:0,786	T7:0,-391	T8:12,-238	P7:0,-443	P8:5,-243	O1:7,-211	O2:5,1308	RELAX
4	AF3:9,873	AF4:2,137	F7:7,1408	F3:0,540	F4:5,792	F8:7,-45	FC5:12,330	FC6:0,790	T7:0,-387	T8:12,-233	P7:0,-445	P8:5,-232	O1:7,-212	O2:5,1314	RELAX
4	AF3:9,867	AF4:2,124	F7:7,1405	F3:0,536	F4:5,780	F8:7,-96	FC5:12,315	FC6:0,761	T7:0,-392	T8:12,-258	P7:0,-448	P8:5,-284	O1:7,-218	O2:5,1288	RELAX
4	AF3:9,856	AF4:2,99	F7:7,1401	F3:0,532	F4:5,756	F8:7,-154	FC5:12,301	FC6:0,722	T7:0,-399	T8:12,-290	P7:0,-450	P8:5,-354	O1:7,-223	O2:5,1253	RELAX
4	AF3:9,857	AF4:2,86	F7:7,1398	F3:0,534	F4:5,744	F8:7,-165	FC5:12,303	FC6:0,710	T7:0,-395	T8:12,-298	P7:0,-449	P8:5,-365	O1:7,-221	O2:5,1246	RELAX
5	AF3:9,862	AF4:2,99	F7:7,1400	F3:0,536	F4:5,757	F8:7,-136	FC5:12,314	FC6:0,731	T7:0,-394	T8:12,-286	P7:0,-448	P8:5,-326	O1:7,-215	O2:5,1268	RELAX
5	AF3:9,865	AF4:2,114	F7:7,1404	F3:0,536	F4:5,773	F8:7,-117	FC5:12,317	FC6:0,748	T7:0,-399	T8:12,-269	P7:0,-447	P8:5,-304	O1:7,-215	O2:5,1278	RELAX
5	AF3:9,871	AF4:2,122	F7:7,1406	F3:0,536	F4:5,779	F8:7,-91	FC5:12,322	FC6:0,762	T7:0,-394	T8:12,-250	P7:0,-445	P8:5,-273	O1:7,-217	O2:5,1290	RELAX
5	AF3:9,878	AF4:2,126	F7:7,1408	F3:0,543	F4:5,783	F8:7,-55	FC5:12,326	FC6:0,781	T7:0,-387	T8:12,-234	P7:0,-443	P8:5,-240	O1:7,-216	O2:5,1311	RELAX
5	AF3:9,875	AF4:2,121	F7:7,1407	F3:0,550	F4:5,780	F8:7,-66	FC5:12,319	FC6:0,772	T7:0,-393	T8:12,-242	P7:0,-444	P8:5,-263	O1:7,-213	O2:5,1299	RELAX
5	AF3:9,871	AF4:2,130	F7:7,1406	F3:0,552	F4:5,788	F8:7,-64	FC5:12,322	FC6:0,774	T7:0,-401	T8:12,-246	P7:0,-445	P8:5,-257	O1:7,-211	O2:5,1294	RELAX
5	AF3:9,874	AF4:2,155	F7:7,1409	F3:0,559	F4:5,810	F8:7,-9	FC5:12,340	FC6:0,811	T7:0,-393	T8:11,-222	P7:0,-443	P8:5,-192	O1:7,-212	O2:5,1327	RELAX
5	AF3:9,870	AF4:2,143	F7:7,1406	F3:0,560	F4:5,799	F8:7,-31	FC5:12,335	FC6:0,795	T7:0,-384	T8:11,-234	P7:0,-443	P8:5,-220	O1:7,-216	O2:5,1317	RELAX
5	AF3:9,863	AF4:2,112	F7:7,1401	F3:0,548	F4:5,768	F8:7,-105	FC5:12,315	FC6:0,744	T7:0,-391	T8:11,-272	P7:0,-447	P8:5,-302	O1:7,-218	O2:5,1273	RELAX
5	AF3:9,866	AF4:2,118	F7:7,1404	F3:0,541	F4:5,774	F8:7,-85	FC5:12,319	FC6:0,759	T7:0,-399	T8:11,-259	P7:0,-449	P8:5,-285	O1:7,-217	O2:5,1279	RELAX
5	AF3:9,873	AF4:2,135	F7:7,1408	F3:0,543	F4:5,792	F8:7,-41	FC5:12,324	FC6:0,792	T7:0,-396	T8:11,-235	P7:0,-447	P8:5,-241	O1:7,-215	O2:5,1303	RELAX
5	AF3:9,868	AF4:2,117	F7:7,1405	F3:0,540	F4:5,780	F8:7,-86	FC5:12,313	FC6:0,762	T7:0,-394	T8:11,-261	P7:0,-447	P8:5,-280	O1:7,-215	O2:5,1283	RELAX
5	AF3:9,861	AF4:2,102	F7:7,1401	F3:0,539	F4:5,763	F8:7,-129	FC5:12,310	FC6:0,732	T7:0,-398	T8:11,-284	P7:0,-450	P8:5,-321	O1:7,-217	O2:5,1263	RELAX
5	AF3:9,866	AF4:2,120	F7:7,1403	F3:0,544	F4:5,772	F8:7,-99	FC5:12,317	FC6:0,752	T7:0,-398	T8:11,-260	P7:0,-446	P8:5,-292	O1:7,-216	O2:5,1276	RELAX
5	AF3:9,872	AF4:2,129	F7:7,1407	F3:0,542	F4:5,783	F8:7,-71	FC5:12,319	FC6:0,773	T7:0,-389	T8:11,-247	P7:0,-441	P8:5,-264	O1:7,-214	O2:5,1289	RELAX
5	AF3:9,872	AF4:2,121	F7:7,1405	F3:0,544	F4:5,779	F8:7,-71	FC5:12,318	FC6:0,771	T7:0,-388	T8:11,-256	P7:0,-445	P8:5,-260	O1:7,-213	O2:5,1295	RELAX
5	AF3:9,872	AF4:2,131	F7:7,1405	F3:0,555	F4:5,782	F8:7,-52	FC5:12,325	FC6:0,776	T7:0,-396	T8:11,-248	P7:0,-448	P8:5,-240	O1:7,-213	O2:5,1307	RELAX
5	AF3:9,873	AF4:2,147	F7:7,1410	F3:0,562	F4:5,800	F8:7,-26	FC5:12,334	FC6:0,791	T7:0,-392	T8:11,-232	P7:0,-444	P8:5,-216	O1:7,-210	O2:5,1317	RELAX
5	AF3:9,869	AF4:2,141	F7:7,1411	F3:0,559	F4:5,804	F8:7,-35	FC5:12,330	FC6:0,783	T7:0,-386	T8:11,-238	P7:0,-443	P8:5,-225	O1:7,-209	O2:5,1313	RELAX
5	AF3:9,869	AF4:2,141	F7:7,1408	F3:0,557	F4:5,801	F8:7,-32	FC5:12,326	FC6:0,785	T7:0,-397	T8:11,-235	P7:0,-445	P8:5,-220	O1:7,-212	O2:5,1314	RELAX
5	AF3:9,874	AF4:2,154	F7:7,1408	F3:0,562	F4:5,809	F8:7,1	FC5:12,336	FC6:0,818	T7:0,-397	T8:11,-211	P7:0,-442	P8:5,-186	O1:7,-216	O2:5,1328	RELAX
5	AF3:9,875	AF4:2,161	F7:7,1412	F3:0,563	F4:5,818	F8:7,19	FC5:12,341	FC6:0,834	T7:0,-383	T8:11,-203	P7:0,-439	P8:5,-166	O1:7,-215	O2:5,1343	RELAX
5	AF3:9,880	AF4:2,167	F7:7,1417	F3:0,563	F4:5,823	F8:7,27	FC5:12,336	FC6:0,831	T7:0,-385	T8:11,-207	P7:0,-439	P8:5,-154	O1:7,-211	O2:5,1349	RELAX
5	AF3:9,887	AF4:2,165	F7:7,1414	F3:0,565	F4:5,823	F8:7,35	FC5:12,339	FC6:0,833	T7:0,-391	T8:11,-204	P7:0,-439	P8:5,-155	O1:7,-211	O2:5,1349	RELAX
5	AF3:9,880	AF4:2,157	F7:7,1409	F3:0,565	F4:5,817	F8:7,19	FC5:12,341	FC6:0,827	T7:0,-389	T8:11,-207	P7:0,-439	P8:5,-173	O1:7,-213	O2:5,1345	RELAX
5	AF3:9,871	AF4:2,150	F7:7,1409	F3:0,561	F4:5,808	F8:7,-19	FC5:12,327	FC6:0,802	T7:0,-389	T8:11,-224	P7:0,-440	P8:5,-195	O1:7,-211	O2:5,1327	RELAX
5	AF3:9,876	AF4:2,145	F7:7,1412	F3:0,560	F4:5,804	F8:7,-33	FC5:12,322	FC6:0,782	T7:0,-390	T8:11,-241	P7:0,-443	P8:5,-217	O1:7,-209	O2:5,1311	RELAX
5	AF3:9,876	AF4:2,142	F7:7,1410	F3:0,559	F4:5,803	F8:7,-26	FC5:12,329	FC6:0,784	T7:0,-391	T8:11,-239	P7:0,-443	P8:5,-226	O1:7,-210	O2:5,1308	RELAX
5	AF3:9,870	AF4:2,143	F7:7,1405	F3:0,558	F4:5,799	F8:7,-29	FC5:12,330	FC6:0,794	T7:0,-391	T8:11,-230	P7:0,-444	P8:5,-221	O1:7,-213	O2:5,1315	RELAX
5	AF3:9,880	AF4:2,155	F7:7,1411	F3:0,561	F4:5,810	F8:7,-4	FC5:12,337	FC6:0,815	T7:0,-387	T8:11,-211	P7:0,-438	P8:5,-185	O1:7,-211	O2:5,1335	RELAX
5	AF3:9,891	AF4:2,173	F7:7,1424	F3:0,565	F4:5,836	F8:7,55	FC5:12,349	FC6:0,843	T7:0,-384	T8:11,-187	P7:0,-430	P8:5,-134	O1:7,-206	O2:5,1354	RELAX
6	AF3:9,885	AF4:2,173	F7:7,1421	F3:0,563	F4:5,836	F8:7,57	FC5:12,344	FC6:0,845	T7:0,-385	T8:11,-191	P7:0,-435	P8:5,-139	O1:7,-210	O2:5,1355	RELAX
6	AF3:9,872	AF4:2,152	F7:7,1408	F3:0,561	F4:5,810	F8:7,-10	FC5:12,333	FC6:0,812	T7:0,-384	T8:11,-222	P7:0,-442	P8:5,-200	O1:7,-214	O2:5,1328	RELAX
6	AF3:9,870	AF4:2,143	F7:7,1409	F3:0,561	F4:5,801	F8:7,-34	FC5:12,334	FC6:0,796	T7:0,-385	T8:11,-233	P7:0,-442	P8:5,-220	O1:7,-209	O2:5,1310	RELAX
6	AF3:9,880	AF4:2,154	F7:7,1415	F3:0,561	F4:5,814	F8:7,9	FC5:12,335	FC6:0,818	T7:0,-390	T8:11,-214	P7:0,-443	P8:5,-176	O1:7,-201	O2:5,1331	RELAX
6	AF3:9,887	AF4:2,164	F7:7,1413	F3:0,562	F4:5,822	F8:7,39	FC5:12,341	FC6:0,840	T7:0,-389	T8:11,-202	P7:0,-436	P8:5,-143	O1:7,-198	O2:5,1353	RELAX
6	AF3:9,883	AF4:2,158	F7:7,1412	F3:0,562	F4:5,818	F8:7,26	FC5:12,348	FC6:0,833	T7:0,-386	T8:11,-208	P7:0,-429	P8:5,-153	O1:7,-206	O2:5,1347	RELAX
6	AF3:9,876	AF4:2,157	F7:7,1411	F3:0,561	F4:5,815	F8:7,17	FC5:12,343	FC6:0,820	T7:0,-386	T8:11,-214	P7:0,-438	P8:5,-168	O1:7,-218	O2:5,1337	RELAX
6	AF3:9,874	AF4:2,156	F7:7,1410	F3:0,561	F4:5,813	F8:7,7	FC5:12,334	FC6:0,814	T7:0,-387	T8:11,-221	P7:0,-444	P8:5,-185	O1:7,-209	O2:5,1331	RELAX
6	AF3:9,873	AF4:2,138	F7:7,1409	F3:0,561	F4:5,802	F8:7,-27	FC5:12,331	FC6:0,792	T7:0,-387	T8:11,-236	P7:0,-442	P8:5,-220	O1:7,-198	O2:5,1312	RELAX
6	AF3:9,873	AF4:2,134	F7:7,1409	F3:0,558	F4:5,798	F8:7,-39	FC5:12,331	FC6:0,780	T7:0,-389	T8:11,-241	P7:0,-443	P8:5,-232	O1:7,-210	O2:5,1307	RELAX
6	AF3:9,876	AF4:2,152	F7:7,1410	F3:0,560	F4:5,807	F8:7,-22	FC5:12,331	FC6:0,797	T7:0,-391	T8:11,-233	P7:0,-441	P8:5,-210	O1:7,-211	O2:5,1317	RELAX
6	AF3:9,872	AF4:2,151	F7:7,1412	F3:0,560	F4:5,808	F8:7,-27	FC5:12,330	FC6:0,799	T7:0,-390	T8:11,-237	P7:0,-442	P8:5,-218	O1:7,-197	O2:5,1313	RELAX
6	AF3:9,871	AF4:2,137	F7:7,1411	F3:0,558	F4:5,802	F8:7,-42	FC5:12,328	FC6:0,793	T7:0,-387	T8:11,-241	P7:0,-446	P8:5,-238	O1:7,-201	O2:5,1306	RELAX
6	AF3:9,873	AF4:2,146	F7:7,1407	F3:0,558	F4:5,803	F8:7,-29	FC5:12,334	FC6:0,799	T7:0,-384	T8:11,-232	P7:0,-440	P8:5,-219	O1:7,-209	O2:5,1310	RELAX
6	AF3:9,873	AF4:2,153	F7:7,1406	F3:0,561	F4:5,804	F8:7,-23	FC5:12,336	FC6:0,796	T7:0,-389	T8:11,-233	P7:0,-435	P8:5,-210	O1:7,-204	O2:5,1313	RELAX
6	AF3:9,872	AF4:2,144	F7:7,1409	F3:0,561	F4:5,801	F8:7,-35	FC5:12,331	FC6:0,786	T7:0,-392	T8:11,-241	P7:0,-441	P8:5,-229	O1:7,-203	O2:5,1311	RELAX
6	AF3:9,874	AF4:2,144	F7:7,1410	F3:0,560	F4:5,801	F8:7,-31	FC5:12,332	FC6:0,800	T7:0,-387	T8:11,-237	P7:0,-442	P8:5,-224	O1:7,-206	O2:5,1311	RELAX
6	AF3:9,875	AF4:2,153	F7:7,1409	F3:0,561	F4:5,808	F8:7,-18	FC5:12,334	FC6:0,807	T7:0,-383	T8:11,-228	P7:0,-440	P8:5,-203	O1:7,-205	O2:5,1317	RELAX
6	AF3:9,875	AF4:2,146	F7:7,1409	F3:0,560	F4:5,805	F8:7,-25	FC5:12,330	FC6:0,790	T7:0,-386	T8:11,-234	P7:0,-442	P8:5,-211	O1:7,-207	O2:5,1313	RELAX
6	AF3:9,873	AF4:2,125	F7:7,1409	F3:0,558	F4:5,786	F8:7,-61	FC5:12,326	FC6:0,770	T7:0,-386	T8:11,-250	P7:0,-445	P8:5,-246	O1:7,-208	O2:5,1294	RELAX
6	AF3:9,868	AF4:2,127	F7:7,1410	F3:0,558	F4:5,782	F8:7,-69	FC5:12,327	FC6:0,777	T7:0,-385	T8:11,-252	P7:0,-445	P8:5,-253	O1:7,-207	O2:5,1287	RELAX
6	AF3:9,873	AF4:2,152	F7:7,1413	F3:0,562	F4:5,809	F8:7,-7	FC5:12,339	FC6:0,815	T7:0,-387	T8:11,-223	P7:0,-440	P8:5,-198	O1:7,-202	O2:5,1320	RELAX
6	AF3:9,887	AF4:2,174	F7:7,1415	F3:0,569	F4:5,835	F8:7,54	FC5:12,350	FC6:0,846	T7:0,-388	T8:11,-190	P7:0,-435	P8:5,-135	O1:7,-199	O2:5,1356	RELAX
6	AF3:9,889	AF4:2,174	F7:7,1415	F3:0,571	F4:5,829	F8:7,40	FC5:12,342	FC6:0,840	T7:0,-387	T8:11,-194	P7:0,-436	P8:5,-141	O1:7,-200	O2:5,1353	RELAX
6	AF3:9,880	AF4:2,163	F7:7,1413	F3:0,567	F4:5,815	F8:7,10	FC5:12,333	FC6:0,822	T7:0,-388	T8:11,-213	P7:0,-440	P8:5,-177	O1:7,-201	O2:5,1337	RELAX
6	AF3:9,875	AF4:2,152	F7:7,1411	F3:0,561	F4:5,814	F8:7,1	FC5:12,335	FC6:0,814	T7:0,-388	T8:11,-219	P7:0,-441	P8:5,-190	O1:7,-205	O2:5,1326	RELAX
6	AF3:9,873	AF4:2,136	F7:7,1410	F3:0,559	F4:5,800	F8:7,-41	FC5:12,327	FC6:0,794	T7:0,-387	T8:11,-237	P7:0,-442	P8:5,-228	O1:7,-213	O2:5,1299	RELAX
6	AF3:9,867	AF4:2,118	F7:7,1407	F3:0,559	F4:5,773	F8:7,-92	FC5:12,314	FC6:0,761	T7:0,-387	T8:11,-270	P7:0,-444	P8:5,-288	O1:7,-214	O2:5,1269	RELAX
6	AF3:9,867	AF4:2,126	F7:7,1406	F3:0,561	F4:5,781	F8:7,-70	FC5:12,326	FC6:0,767	T7:0,-387	T8:11,-260	P7:0,-444	P8:5,-270	O1:7,-212	O2:5,1282	RELAX
6	AF3:9,874	AF4:2,155	F7:7,1409	F3:0,562	F4:5,815	F8:7,-5	FC5:12,346	FC6:0,803	T7:0,-387	T8:11,-220	P7:0,-440	P8:5,-199	O1:7,-211	O2:5,1317	RELAX
6	AF3:9,873	AF4:2,150	F7:7,1408	F3:0,562	F4:5,809	F8:7,-12	FC5:12,341	FC6:0,803	T7:0,-387	T8:11,-225	P7:0,-437	P8:5,-202	O1:7,-209	O2:5,1318	RELAX
6	AF3:9,868	AF4:2,123	F7:7,1403	F3:0,561	F4:5,780	F8:7,-74	FC5:12,322	FC6:0,768	T7:0,-387	T8:11,-265	P7:0,-440	P8:5,-268	O1:7,-208	O2:5,1285	RELAX
6	AF3:9,868	AF4:2,119	F7:7,1405	F3:0,558	F4:5,778	F8:7,-91	FC5:12,319	FC6:0,756	T7:0,-387	T8:11,-275	P7:0,-446	P8:5,-293	O1:7,-212	O2:5,1268	RELAX
6	AF3:9,864	AF4:2,121	F7:7,1408	F3:0,557	F4:5,781	F8:7,-85	FC5:12,321	FC6:0,756	T7:0,-387	T8:11,-270	P7:0,-448	P8:5,-285	O1:7,-215	O2:5,1271	RELAX
7	AF3:9,862	AF4:2,118	F7:7,1405	F3:0,559	F4:5,776	F8:7,-90	FC5:12,318	FC6:0,751	T7:0,-388	T8:11,-275	P7:0,-446	P8:5,-282	O1:7,-206	O2:5,1278	RELAX
7	AF3:9,872	AF4:2,137	F7:7,1406	F3:0,563	F4:5,792	F8:7,-46	FC5:12,326	FC6:0,782	T7:0,-388	T8:11,-246	P7:0,-442	P8:5,-236	O1:7,-197	O2:5,1299	RELAX
7	AF3:9,879	AF4:2,163	F7:7,1412	F3:0,568	F4:5,818	F8:7,19	FC5:12,339	FC6:0,823	T7:0,-387	T8:11,-207	P7:0,-438	P8:5,-170	O1:7,-199	O2:5,1325	RELAX
7	AF3:9,874	AF4:2,156	F7:7,1411	F3:0,565	F4:5,811	F8:7,-1	FC5:12,336	FC6:0,806	T7:0,-388	T8:11,-223	P7:0,-439	P8:5,-189	O1:7,-203	O2:5,1320	RELAX
7	AF3:9,870	AF4:2,135	F7:7,1405	F3:0,559	F4:5,791	F8:7,-54	FC5:12,329	FC6:0,772	T7:0,-387	T8:11,-252	P7:0,-441	P8:5,-249	O1:7,-202	O2:5,1300	RELAX
7	AF3:9,873	AF4:2,147	F7:7,1414	F3:0,560	F4:5,805	F8:7,-19	FC5:12,336	FC6:0,798	T7:0,-385	T8:11,-228	P7:0,-441	P8:5,-211	O1:7,-199	O2:5,1321	RELAX
7	AF3:9,874	AF4:2,168	F7:7,1422	F3:0,566	F4:5,830	F8:7,47	FC5:12,342	FC6:0,842	T7:0,-384	T8:11,-197	P7:0,-439	P8:5,-135	O1:7,-198	O2:5,1353	RELAX
7	AF3:9,869	AF4:2,161	F7:7,1414	F3:0,565	F4:5,825	F8:7,40	FC5:12,335	FC6:0,837	T7:0,-384	T8:11,-208	P7:0,-438	P8:5,-145	O1:7,-198	O2:5,1342	RELAX
7	AF3:9,875	AF4:2,161	F7:7,1410	F3:0,565	F4:5,818	F8:7,21	FC5:12,338	FC6:0,826	T7:0,-384	T8:11,-216	P7:0,-440	P8:5,-162	O1:7,-200	O2:5,1336	RELAX
7	AF3:9,888	AF4:2,178	F7:7,1418	F3:0,568	F4:5,827	F8:7,45	FC5:12,350	FC6:0,839	T7:0,-384	T8:11,-197	P7:0,-439	P8:5,-135	O1:7,-199	O2:5,1353	RELAX
7	AF3:9,885	AF4:2,171	F7:7,1415	F3:0,565	F4:5,821	F8:7,29	FC5:12,344	FC6:0,831	T7:0,-384	T8:11,-204	P7:0,-438	P8:5,-155	O1:7,-200	O2:5,1341	RELAX
7	AF3:9,872	AF4:2,147	F7:7,1406	F3:0,560	F4:5,800	F8:7,-23	FC5:12,330	FC6:0,801	T7:0,-384	T8:11,-238	P7:0,-440	P8:5,-212	O1:7,-204	O2:5,1307	RELAX
7	AF3:9,871	AF4:2,151	F7:7,1408	F3:0,561	F4:5,806	F8:7,-18	FC5:12,334	FC6:0,800	T7:0,-384	T8:11,-239	P7:0,-438	P8:5,-207	O1:7,-202	O2:5,1313	RELAX
7	AF3:9,876	AF4:2,156	F7:7,1409	F3:0,564	F4:5,812	F8:7,-2	FC5:12,341	FC6:0,809	T7:0,-384	T8:11,-227	P7:0,-436	P8:5,-191	O1:7,-199	O2:5,1327	RELAX
7	AF3:9,873	AF4:2,138	F7:7,1406	F3:0,562	F4:5,788	F8:7,-42	FC5:12,331	FC6:0,784	T7:0,-384	T8:11,-251	P7:0,-443	P8:5,-234	O1:7,-202	O2:5,1298	RELAX
7	AF3:9,869	AF4:2,134	F7:7,1409	F3:0,560	F4:5,779	F8:7,-60	FC5:12,323	FC6:0,771	T7:0,-384	T8:11,-262	P7:0,-446	P8:5,-257	O1:7,-206	O2:5,1283	RELAX
7	AF3:9,872	AF4:2,149	F7:7,1410	F3:0,561	F4:5,800	F8:7,-29	FC5:12,331	FC6:0,795	T7:0,-384	T8:11,-239	P7:0,-440	P8:5,-218	O1:7,-202	O2:5,1308	RELAX
7	AF3:9,875	AF4:2,148	F7:7,1406	F3:0,560	F4:5,806	F8:7,-21	FC5:12,337	FC6:0,799	T7:0,-384	T8:11,-234	P7:0,-439	P8:5,-202	O1:7,-199	O2:5,1318	RELAX
7	AF3:9,872	AF4:2,140	F7:7,1407	F3:0,563	F4:5,800	F8:7,-35	FC5:12,335	FC6:0,789	T7:0,-384	T8:11,-242	P7:0,-441	P8:5,-219	O1:7,-201	O2:5,1306	RELAX
7	AF3:9,873	AF4:2,154	F7:7,1412	F3:0,566	F4:5,808	F8:7,-13	FC5:12,333	FC6:0,801	T7:0,-384	T8:11,-230	P7:0,-438	P8:5,-202	O1:7,-198	O2:5,1314	RELAX
7	AF3:9,876	AF4:2,156	F7:7,1411	F3:0,564	F4:5,803	F8:7,-13	FC5:12,329	FC6:0,804	T7:0,-384	T8:11,-234	P7:0,-439	P8:5,-199	O1:7,-197	O2:5,1314	RELAX
7	AF3:9,871	AF4:2,128	F7:7,1407	F3:0,560	F4:5,778	F8:7,-63	FC5:12,320	FC6:0,773	T7:0,-384	T8:11,-262	P7:0,-447	P8:5,-255	O1:7,-201	O2:5,1284	RELAX
7	AF3:9,867	AF4:2,129	F7:7,1408	F3:0,561	F4:5,778	F8:7,-65	FC5:12,324	FC6:0,770	T7:0,-384	T8:11,-260	P7:0,-449	P8:5,-266	O1:7,-201	O2:5,1280	RELAX
7	AF3:9,871	AF4:2,144	F7:7,1408	F3:0,560	F4:5,788	F8:7,-44	FC5:12,329	FC6:0,785	T7:0,-384	T8:11,-252	P7:0,-444	P8:5,-238	O1:7,-201	O2:5,1293	RELAX
7	AF3:9,871	AF4:2,127	F7:7,1405	F3:0,557	F4:5,777	F8:7,-76	FC5:12,322	FC6:0,763	T7:0,-384	T8:11,-269	P7:0,-443	P8:5,-263	O1:7,-203	O2:5,1283	RELAX
7	AF3:9,865	AF4:2,113	F7:7,1403	F3:0,557	F4:5,773	F8:7,-96	FC5:12,320	FC6:0,753	T7:0,-384	T8:11,-272	P7:0,-446	P8:5,-291	O1:7,-203	O2:5,1273	RELAX
7	AF3:9,869	AF4:2,126	F7:7,1405	F3:0,558	F4:5,783	F8:7,-72	FC5:12,323	FC6:0,772	T7:0,-384	T8:11,-260	P7:0,-446	P8:5,-269	O1:7,-201	O2:5,1279	RELAX
7	AF3:9,874	AF4:2,127	F7:7,1407	F3:0,557	F4:5,782	F8:7,-66	FC5:12,324	FC6:0,775	T7:0,-384	T8:11,-261	P7:0,-445	P8:5,-255	O1:7,-203	O2:5,1281	RELAX
7	AF3:9,871	AF4:2,125	F7:7,1409	F3:0,557	F4:5,784	F8:7,-61	FC5:12,328	FC6:0,774	T7:0,-384	T8:11,-252	P7:0,-442	P8:5,-249	O1:7,-204	O2:5,1289	RELAX
7	AF3:9,870	AF4:2,144	F7:7,1411	F3:0,564	F4:5,799	F8:7,-33	FC5:12,333	FC6:0,791	T7:0,-384	T8:11,-235	P7:0,-439	P8:5,-219	O1:7,-202	O2:5,1308	RELAX
7	AF3:9,873	AF4:2,143	F7:7,1409	F3:0,565	F4:5,800	F8:7,-34	FC5:12,330	FC6:0,795	T7:0,-384	T8:11,-245	P7:0,-439	P8:5,-217	O1:7,-203	O2:5,1305	RELAX
7	AF3:9,874	AF4:2,121	F7:7,1407	F3:0,560	F4:5,782	F8:7,-67	FC5:12,322	FC6:0,774	T7:0,-384	T8:11,-265	P7:0,-443	P8:5,-258	O1:7,-206	O2:5,1279	RELAX
8	AF3:9,874	AF4:2,126	F7:7,1407	F3:0,560	F4:5,776	F8:7,-69	FC5:12,319	FC6:0,767	T7:0,-384	T8:11,-266	P7:0,-444	P8:5,-272	O1:7,-204	O2:5,1276	RELAX
8	AF3:9,871	AF4:2,149	F7:7,1408	F3:0,566	F4:5,795	F8:7,-29	FC5:12,329	FC6:0,790	T7:0,-384	T8:11,-244	P7:0,-441	P8:5,-226	O1:7,-198	O2:5,1305	RELAX
8	AF3:9,869	AF4:2,158	F7:7,1409	F3:0,568	F4:5,810	F8:7,-1	FC5:12,339	FC6:0,811	T7:0,-384	T8:11,-227	P7:0,-441	P8:5,-189	O1:7,-198	O2:5,1320	RELAX
8	AF3:9,870	AF4:2,140	F7:7,1408	F3:0,566	F4:5,793	F8:7,-36	FC5:12,330	FC6:0,786	T7:0,-384	T8:11,-249	P7:0,-445	P8:5,-232	O1:7,-201	O2:5,1296	RELAX
8	AF3:9,871	AF4:2,124	F7:7,1405	F3:0,561	F4:5,774	F8:7,-74	FC5:12,317	FC6:0,762	T7:0,-384	T8:11,-274	P7:0,-445	P8:5,-277	O1:7,-200	O2:5,1274	RELAX
8	AF3:9,872	AF4:2,135	F7:7,1407	F3:0,559	F4:5,790	F8:7,-54	FC5:12,325	FC6:0,781	T7:0,-384	T8:11,-261	P7:0,-441	P8:5,-246	O1:7,-199	O2:5,1291	RELAX
8	AF3:9,875	AF4:2,147	F7:7,1412	F3:0,563	F4:5,809	F8:7,-18	FC5:12,334	FC6:0,801	T7:0,-384	T8:11,-236	P7:0,-441	P8:5,-203	O1:7,-200	O2:5,1314	RELAX
8	AF3:9,876	AF4:2,145	F7:7,1414	F3:0,567	F4:5,805	F8:7,-17	FC5:12,332	FC6:0,795	T7:0,-384	T8:11,-235	P7:0,-442	P8:5,-206	O1:7,-199	O2:5,1311	RELAX
8	AF3:9,874	AF4:2,148	F7:7,1413	F3:0,567	F4:5,801	F8:7,-19	FC5:12,334	FC6:0,795	T7:0,-384	T8:11,-243	P7:0,-441	P8:5,-216	O1:7,-196	O2:5,1305	RELAX
8	AF3:9,874	AF4:2,162	F7:7,1414	F3:0,569	F4:5,817	F8:7,13	FC5:12,338	FC6:0,815	T7:0,-384	T8:11,-227	P7:0,-441	P8:5,-181	O1:7,-197	O2:5,1322	RELAX
8	AF3:9,876	AF4:2,157	F7:7,1414	F3:0,567	F4:5,820	F8:7,20	FC5:12,336	FC6:0,817	T7:0,-384	T8:11,-217	P7:0,-441	P8:5,-168	O1:7,-200	O2:5,1325	RELAX
8	AF3:9,873	AF4:2,144	F7:7,1413	F3:0,561	F4:5,800	F8:7,-22	FC5:12,330	FC6:0,794	T7:0,-384	T8:11,-238	P7:0,-441	P8:5,-215	O1:7,-199	O2:5,1298	RELAX
8	AF3:9,870	AF4:2,143	F7:7,1414	F3:0,560	F4:5,789	F8:7,-44	FC5:12,330	FC6:0,786	T7:0,-384	T8:11,-255	P7:0,-441	P8:5,-239	O1:7,-199	O2:5,1285	RELAX
8	AF3:9,869	AF4:2,136	F7:7,1415	F3:0,559	F4:5,790	F8:7,-42	FC5:12,331	FC6:0,788	T7:0,-384	T8:11,-253	P7:0,-442	P8:5,-230	O1:7,-198	O2:5,1293	RELAX
8	AF3:9,869	AF4:2,122	F7:7,1407	F3:0,557	F4:5,781	F8:7,-60	FC5:12,326	FC6:0,774	T7:0,-384	T8:11,-260	P7:0,-440	P8:5,-256	O1:7,-198	O2:5,1285	RELAX
8	AF3:9,868	AF4:2,120	F7:7,1403	F3:0,557	F4:5,772	F8:7,-86	FC5:12,323	FC6:0,760	T7:0,-384	T8:11,-276	P7:0,-442	P8:5,-291	O1:7,-201	O2:5,1268	RELAX
8	AF3:9,871	AF4:2,141	F7:7,1410	F3:0,560	F4:5,794	F8:7,-47	FC5:12,337	FC6:0,789	T7:0,-384	T8:11,-253	P7:0,-442	P8:5,-239	O1:7,-202	O2:5,1290	RELAX
8	AF3:9,878	AF4:2,157	F7:7,1416	F3:0,561	F4:5,815	F8:7,16	FC5:12,350	FC6:0,820	T7:0,-384	T8:11,-218	P7:0,-437	P8:5,-174	O1:7,-198	O2:5,1326	RELAX
8	AF3:9,878	AF4:2,156	F7:7,1411	F3:0,560	F4:5,815	F8:7,14	FC5:12,342	FC6:0,813	T7:0,-384	T8:11,-221	P7:0,-437	P8:5,-186	O1:7,-197	O2:5,1324	RELAX
8	AF3:9,872	AF4:2,148	F7:7,1408	F3:0,562	F4:5,807	F8:7,-21	FC5:12,336	FC6:0,794	T7:0,-384	T8:11,-238	P7:0,-441	P8:5,-218	O1:7,-201	O2:5,1300	RELAX
8	AF3:9,870	AF4:2,134	F7:7,1408	F3:0,561	F4:5,790	F8:7,-41	FC5:12,334	FC6:0,781	T7:0,-384	T8:11,-251	P7:0,-442	P8:5,-235	O1:7,-203	O2:5,1285	RELAX
8	AF3:9,871	AF4:2,123	F7:7,1407	F3:0,556	F4:5,776	F8:7,-60	FC5:12,324	FC6:0,774	T7:0,-384	T8:11,-264	P7:0,-443	P8:5,-258	O1:7,-201	O2:5,1280	RELAX
8	AF3:9,869	AF4:2,122	F7:7,1408	F3:0,559	F4:5,778	F8:7,-74	FC5:12,320	FC6:0,769	T7:0,-384	T8:11,-270	P7:0,-444	P8:5,-275	O1:7,-198	O2:5,1278	RELAX
8	AF3:9,868	AF4:2,127	F7:7,1409	F3:0,556	F4:5,786	F8:7,-69	FC5:12,324	FC6:0,770	T7:0,-384	T8:11,-269	P7:0,-445	P8:5,-268	O1:7,-197	O2:5,1276	RELAX
8	AF3:9,866	AF4:2,124	F7:7,1406	F3:0,549	F4:5,780	F8:7,-77	FC5:12,320	FC6:0,765	T7:0,-384	T8:11,-278	P7:0,-444	P8:5,-274	O1:7,-199	O2:5,1271	RELAX
8	AF3:9,866	AF4:2,121	F7:7,1404	F3:0,554	F4:5,773	F8:7,-91	FC5:12,316	FC6:0,754	T7:0,-384	T8:11,-281	P7:0,-441	P8:5,-282	O1:7,-200	O2:5,1269	RELAX
8	AF3:9,868	AF4:2,123	F7:7,1405	F3:0,561	F4:5,777	F8:7,-84	FC5:12,320	FC6:0,752	T7:0,-386	T8:11,-270	P7:0,-441	P8:5,-270	O1:7,-199	O2:5,1271	RELAX
8	AF3:9,865	AF4:2,121	F7:7,1407	F3:0,558	F4:5,777	F8:7,-81	FC5:12,322	FC6:0,756	T7:0,-385	T8:11,-274	P7:0,-446	P8:5,-276	O1:7,-201	O2:5,1265	RELAX
8	AF3:9,862	AF4:2,119	F7:7,1405	F3:0,556	F4:5,771	F8:7,-95	FC5:12,319	FC6:0,750	T7:0,-383	T8:11,-285	P7:0,-445	P8:5,-289	O1:7,-203	O2:5,1256	RELAX
8	AF3:9,868	AF4:2,120	F7:7,1405	F3:0,559	F4:5,772	F8:7,-91	FC5:12,319	FC6:0,752	T7:0,-383	T8:11,-281	P7:0,-443	P8:5,-284	O1:7,-203	O2:5,1262	RELAX
8	AF3:9,874	AF4:2,125	F7:7,1409	F3:0,558	F4:5,784	F8:7,-62	FC5:12,328	FC6:0,774	T7:0,-383	T8:11,-264	P7:0,-444	P8:5,-255	O1:7,-200	O2:5,1281	RELAX
8	AF3:9,868	AF4:2,120	F7:7,1409	F3:0,559	F4:5,782	F8:7,-53	FC5:12,331	FC6:0,780	T7:0,-382	T8:11,-262	P7:0,-441	P8:5,-244	O1:7,-199	O2:5,1285	RELAX
8	AF3:9,865	AF4:2,120	F7:7,1404	F3:0,561	F4:5,781	F8:7,-59	FC5:12,327	FC6:0,770	T7:0,-382	T8:11,-269	P7:0,-438	P8:5,-255	O1:7,-202	O2:5,1279	RELAX
8	AF3:9,869	AF4:2,136	F7:7,1407	F3:0,560	F4:5,792	F8:7,-44	FC5:12,330	FC6:0,779	T7:0,-382	T8:11,-255	P7:0,-440	P8:5,-240	O1:7,-198	O2:5,1289	RELAX
8	AF3:9,869	AF4:2,137	F7:7,1411	F3:0,559	F4:5,790	F8:7,-47	FC5:12,326	FC6:0,782	T7:0,-382	T8:11,-250	P7:0,-444	P8:5,-233	O1:7,-191	O2:5,1290	RELAX
8	AF3:9,868	AF4:2,131	F7:7,1407	F3:0,560	F4:5,783	F8:7,-61	FC5:12,319	FC6:0,774	T7:0,-382	T8:11,-261	P7:0,-445	P8:5,-243	O1:7,-188	O2:5,1281	RELAX
8	AF3:9,872	AF4:2,144	F7:7,1405	F3:0,562	F4:5,801	F8:7,-29	FC5:12,329	FC6:0,789	T7:0,-382	T8:11,-250	P7:0,-442	P8:5,-223	O1:7,-189	O2:5,1295	RELAX
8	AF3:9,874	AF4:2,149	F7:7,1409	F3:0,560	F4:5,808	F8:7,-10	FC5:12,337	FC6:0,794	T7:0,-382	T8:11,-237	P7:0,-440	P8:5,-206	O1:7,-193	O2:5,1301	RELAX
8	AF3:9,872	AF4:2,134	F7:7,1409	F3:0,560	F4:5,789	F8:7,-41	FC5:12,326	FC6:0,775	T7:0,-382	T8:11,-250	P7:0,-441	P8:5,-235	O1:7,-200	O2:5,1282	RELAX
8	AF3:9,870	AF4:2,141	F7:7,1407	F3:0,563	F4:5,795	F8:7,-38	FC5:12,326	FC6:0,786	T7:0,-383	T8:11,-251	P7:0,-442	P8:5,-236	O1:7,-204	O2:5,1288	RELAX
8	AF3:9,873	AF4:2,153	F7:7,1408	F3:0,564	F4:5,811	F8:7,-13	FC5:12,338	FC6:0,805	T7:0,-382	T8:11,-241	P7:0,-442	P8:5,-208	O1:7,-197	O2:5,1310	RELAX
8	AF3:9,875	AF4:2,149	F7:7,1408	F3:0,565	F4:5,809	F8:7,-6	FC5:12,337	FC6:0,803	T7:0,-380	T8:11,-234	P7:0,-441	P8:5,-196	O1:7,-189	O2:5,1315	RELAX
8	AF3:9,873	AF4:2,155	F7:7,1409	F3:0,566	F4:5,813	F8:7,14	FC5:12,335	FC6:0,815	T7:0,-382	T8:11,-221	P7:0,-439	P8:5,-173	O1:7,-190	O2:5,1323	RELAX
8	AF3:9,878	AF4:2,172	F7:7,1412	F3:0,566	F4:5,827	F8:7,42	FC5:12,348	FC6:0,836	T7:0,-382	T8:11,-213	P7:0,-439	P8:5,-147	O1:7,-193	O2:5,1338	RELAX
8	AF3:9,888	AF4:2,175	F7:7,1416	F3:0,567	F4:5,834	F8:7,57	FC5:12,359	FC6:0,843	T7:0,-380	T8:11,-205	P7:0,-440	P8:5,-129	O1:7,-188	O2:5,1347	RELAX
8	AF3:9,884	AF4:2,162	F7:7,1414	F3:0,569	F4:5,826	F8:7,44	FC5:12,353	FC6:0,829	T7:0,-383	T8:11,-207	P7:0,-437	P8:5,-139	O1:7,-185	O2:5,1332	RELAX
9	AF3:9,875	AF4:2,149	F7:7,1409	F3:0,566	F4:5,808	F8:7,9	FC5:12,336	FC6:0,809	T7:0,-387	T8:11,-230	P7:0,-436	P8:5,-180	O1:7,-189	O2:5,1307	RELAX
9	AF3:9,878	AF4:2,158	F7:7,1418	F3:0,565	F4:5,811	F8:7,13	FC5:12,337	FC6:0,821	T7:0,-383	T8:11,-228	P7:0,-436	P8:5,-173	O1:7,-189	O2:5,1321	RELAX
9	AF3:9,881	AF4:2,171	F7:7,1426	F3:0,568	F4:5,831	F8:7,44	FC5:12,349	FC6:0,844	T7:0,-381	T8:11,-207	P7:0,-436	P8:5,-139	O1:7,-187	O2:5,1343	RELAX
9	AF3:9,878	AF4:2,162	F7:7,1417	F3:0,569	F4:5,823	F8:7,23	FC5:12,343	FC6:0,827	T7:0,-385	T8:11,-219	P7:0,-438	P8:5,-164	O1:7,-187	O2:5,1325	RELAX
9	AF3:9,877	AF4:2,152	F7:7,1411	F3:0,567	F4:5,808	F8:7,-1	FC5:12,333	FC6:0,808	T7:0,-385	T8:11,-236	P7:0,-442	P8:5,-192	O1:7,-187	O2:5,1309	RELAX
9	AF3:9,874	AF4:2,151	F7:7,1413	F3:0,565	F4:5,807	F8:7,-4	FC5:12,334	FC6:0,805	T7:0,-384	T8:11,-237	P7:0,-441	P8:5,-194	O1:7,-187	O2:5,1311	RELAX
9	AF3:9,872	AF4:2,145	F7:7,1410	F3:0,563	F4:5,804	F8:7,-22	FC5:12,331	FC6:0,791	T7:0,-385	T8:11,-251	P7:0,-442	P8:5,-223	O1:7,-188	O2:5,1298	RELAX
9	AF3:9,874	AF4:2,150	F7:7,1411	F3:0,564	F4:5,807	F8:7,-4	FC5:12,332	FC6:0,802	T7:0,-383	T8:11,-244	P7:0,-443	P8:5,-210	O1:7,-190	O2:5,1305	RELAX
9	AF3:9,873	AF4:2,159	F7:7,1414	F3:0,565	F4:5,813	F8:7,14	FC5:12,340	FC6:0,817	T7:0,-381	T8:11,-226	P7:0,-441	P8:5,-170	O1:7,-192	O2:5,1319	RELAX
9	AF3:9,872	AF4:2,151	F7:7,1406	F3:0,564	F4:5,804	F8:7,-22	FC5:12,336	FC6:0,794	T7:0,-381	T8:11,-245	P7:0,-437	P8:5,-206	O1:7,-192	O2:5,1297	RELAX
9	AF3:9,876	AF4:2,149	F7:7,1409	F3:0,565	F4:5,802	F8:7,-16	FC5:12,335	FC6:0,798	T7:0,-381	T8:11,-246	P7:0,-431	P8:5,-214	O1:7,-189	O2:5,1297	RELAX
9	AF3:9,880	AF4:2,161	F7:7,1420	F3:0,567	F4:5,813	F8:7,31	FC5:12,346	FC6:0,829	T7:0,-381	T8:11,-222	P7:0,-432	P8:5,-165	O1:7,-185	O2:5,1325	RELAX
9	AF3:9,882	AF4:2,157	F7:7,1415	F3:0,566	F4:5,813	F8:7,13	FC5:12,350	FC6:0,821	T7:0,-382	T8:11,-229	P7:0,-438	P8:5,-172	O1:7,-187	O2:5,1322	RELAX
9	AF3:9,882	AF4:2,150	F7:7,1407	F3:0,564	F4:5,810	F8:7,-15	FC5:12,343	FC6:0,802	T7:0,-384	T8:11,-244	P7:0,-440	P8:5,-203	O1:7,-191	O2:5,1307	RELAX
9	AF3:9,882	AF4:2,162	F7:7,1415	F3:0,563	F4:5,813	F8:7,12	FC5:12,339	FC6:0,812	T7:0,-383	T8:11,-230	P7:0,-439	P8:5,-180	O1:7,-190	O2:5,1316	RELAX
9	AF3:9,883	AF4:2,169	F7:7,1424	F3:0,565	F4:5,820	F8:7,37	FC5:12,344	FC6:0,829	T7:0,-382	T8:11,-215	P7:0,-434	P8:5,-148	O1:7,-187	O2:5,1332	RELAX
9	AF3:9,888	AF4:2,174	F7:7,1420	F3:0,568	F4:5,832	F8:7,57	FC5:12,353	FC6:0,843	T7:0,-382	T8:11,-211	P7:0,-428	P8:5,-133	O1:7,-189	O2:5,1343	RELAX
9	AF3:9,892	AF4:2,184	F7:7,1425	F3:0,568	F4:5,844	F8:7,83	FC5:12,358	FC6:0,857	T7:0,-383	T8:11,-197	P7:0,-424	P8:5,-112	O1:7,-189	O2:5,1353	RELAX
9	AF3:9,886	AF4:2,178	F7:7,1428	F3:0,568	F4:5,837	F8:7,63	FC5:12,350	FC6:0,849	T7:0,-382	T8:11,-205	P7:0,-426	P8:5,-127	O1:7,-186	O2:5,1341	RELAX
9	AF3:9,876	AF4:2,155	F7:7,1416	F3:0,567	F4:5,817	F8:7,15	FC5:12,339	FC6:0,824	T7:0,-382	T8:11,-228	P7:0,-435	P8:5,-171	O1:7,-186	O2:5,1320	RELAX
9	AF3:9,875	AF4:2,157	F7:7,1414	F3:0,569	F4:5,813	F8:7,16	FC5:12,337	FC6:0,823	T7:0,-382	T8:11,-224	P7:0,-441	P8:5,-172	O1:7,-188	O2:5,1319	RELAX
9	AF3:9,878	AF4:2,170	F7:7,1424	F3:0,568	F4:5,819	F8:7,29	FC5:12,336	FC6:0,829	T7:0,-382	T8:11,-216	P7:0,-437	P8:5,-161	O1:7,-189	O2:5,1323	RELAX
9	AF3:9,877	AF4:2,163	F7:7,1418	F3:0,565	F4:5,815	F8:7,10	FC5:12,341	FC6:0,820	T7:0,-383	T8:11,-226	P7:0,-440	P8:5,-174	O1:7,-188	O2:5,1317	RELAX
9	AF3:9,877	AF4:2,159	F7:7,1406	F3:0,565	F4:5,813	F8:7,19	FC5:12,347	FC6:0,825	T7:0,-383	T8:11,-227	P7:0,-438	P8:5,-170	O1:7,-186	O2:5,1321	RELAX
9	AF3:9,876	AF4:2,159	F7:7,1412	F3:0,565	F4:5,813	F8:7,18	FC5:12,343	FC6:0,822	T7:0,-383	T8:11,-229	P7:0,-428	P8:5,-175	O1:7,-187	O2:5,1316	RELAX
9	AF3:9,873	AF4:2,147	F7:7,1414	F3:0,558	F4:5,801	F8:7,-26	FC5:12,333	FC6:0,790	T7:0,-383	T8:11,-249	P7:0,-433	P8:5,-220	O1:7,-189	O2:5,1293	RELAX
9	AF3:9,875	AF4:2,147	F7:7,1407	F3:0,559	F4:5,799	F8:7,-26	FC5:12,337	FC6:0,788	T7:0,-381	T8:11,-248	P7:0,-443	P8:5,-219	O1:7,-188	O2:5,1300	RELAX
9	AF3:9,875	AF4:2,155	F7:7,1408	F3:0,566	F4:5,809	F8:7,-6	FC5:12,340	FC6:0,809	T7:0,-381	T8:11,-235	P7:0,-440	P8:5,-195	O1:7,-188	O2:5,1314	RELAX
9	AF3:9,872	AF4:2,151	F7:7,1412	F3:0,567	F4:5,807	F8:7,-19	FC5:12,336	FC6:0,804	T7:0,-380	T8:11,-244	P7:0,-437	P8:5,-212	O1:7,-191	O2:5,1308	RELAX
9	AF3:9,874	AF4:2,153	F7:7,1413	F3:0,565	F4:5,805	F8:7,-10	FC5:12,335	FC6:0,805	T7:0,-368	T8:11,-245	P7:0,-438	P8:5,-202	O1:7,-190	O2:5,1309	RELAX
9	AF3:9,876	AF4:2,155	F7:7,1411	F3:0,568	F4:5,813	F8:7,6	FC5:12,335	FC6:0,816	T7:0,-365	T8:11,-235	P7:0,-439	P8:5,-174	O1:7,-186	O2:5,1313	RELAX
9	AF3:9,874	AF4:2,145	F7:7,1410	F3:0,568	F4:5,810	F8:7,-19	FC5:12,336	FC6:0,803	T7:0,-380	T8:11,-238	P7:0,-442	P8:5,-196	O1:7,-187	O2:5,1305	RELAX
9	AF3:9,875	AF4:2,142	F7:7,1409	F3:0,565	F4:5,801	F8:7,-33	FC5:12,336	FC6:0,790	T7:0,-387	T8:11,-253	P7:0,-439	P8:5,-228	O1:7,-189	O2:5,1290	RELAX
9	AF3:9,876	AF4:2,145	F7:7,1411	F3:0,564	F4:5,800	F8:7,-23	FC5:12,332	FC6:0,790	T7:0,-380	T8:11,-259	P7:0,-437	P8:5,-225	O1:7,-188	O2:5,1286	RELAX
9	AF3:9,873	AF4:2,148	F7:7,1411	F3:0,567	F4:5,807	F8:7,-13	FC5:12,333	FC6:0,798	T7:0,-383	T8:11,-247	P7:0,-442	P8:5,-205	O1:7,-188	O2:5,1300	RELAX
9	AF3:9,877	AF4:2,163	F7:7,1411	F3:0,565	F4:5,820	F8:7,20	FC5:12,346	FC6:0,820	T7:0,-383	T8:11,-227	P7:0,-437	P8:5,-175	O1:7,-188	O2:5,1321	RELAX
9	AF3:9,889	AF4:2,185	F7:7,1423	F3:0,573	F4:5,836	F8:7,67	FC5:12,354	FC6:0,850	T7:0,-366	T8:11,-205	P7:0,-427	P8:5,-127	O1:7,-186	O2:5,1341	RELAX
9	AF3:9,888	AF4:2,187	F7:7,1426	F3:0,589	F4:5,842	F8:7,74	FC5:12,351	FC6:0,855	T7:0,-362	T8:11,-199	P7:0,-423	P8:5,-114	O1:7,-187	O2:5,1350	RELAX
9	AF3:9,875	AF4:2,166	F7:7,1415	F3:0,583	F4:5,828	F8:7,36	FC5:12,347	FC6:0,827	T7:0,-372	T8:11,-220	P7:0,-430	P8:5,-153	O1:7,-189	O2:5,1331	RELAX
9	AF3:9,873	AF4:2,153	F7:7,1414	F3:0,566	F4:5,816	F8:7,16	FC5:12,349	FC6:0,815	T7:0,-366	T8:11,-233	P7:0,-440	P8:5,-173	O1:7,-189	O2:5,1309	RELAX
9	AF3:9,880	AF4:2,164	F7:7,1420	F3:0,571	F4:5,824	F8:7,38	FC5:12,351	FC6:0,834	T7:0,-361	T8:11,-218	P7:0,-438	P8:5,-151	O1:7,-188	O2:5,1321	RELAX
9	AF3:9,885	AF4:2,177	F7:7,1423	F3:0,580	F4:5,834	F8:7,57	FC5:12,349	FC6:0,842	T7:0,-376	T8:11,-207	P7:0,-425	P8:5,-140	O1:7,-186	O2:5,1339	RELAX
9	AF3:9,889	AF4:2,178	F7:7,1424	F3:0,576	F4:5,837	F8:7,64	FC5:12,351	FC6:0,842	T7:0,-384	T8:11,-208	P7:0,-426	P8:5,-137	O1:7,-185	O2:5,1340	RELAX
9	AF3:9,885	AF4:2,167	F7:7,1418	F3:0,572	F4:5,827	F8:7,43	FC5:12,350	FC6:0,833	T7:0,-379	T8:11,-216	P7:0,-437	P8:5,-152	O1:7,-187	O2:5,1329	RELAX
10	AF3:9,874	AF4:2,150	F7:7,1409	F3:0,570	F4:5,808	F8:7,-17	FC5:12,339	FC6:0,800	T7:0,-381	T8:11,-245	P7:0,-442	P8:5,-205	O1:7,-187	O2:5,1299	RELAX
10	AF3:9,871	AF4:2,146	F7:7,1410	F3:0,567	F4:5,800	F8:7,-47	FC5:12,333	FC6:0,784	T7:0,-383	T8:11,-262	P7:0,-444	P8:5,-232	O1:7,-185	O2:5,1282	RELAX
10	AF3:9,874	AF4:2,152	F7:7,1410	F3:0,565	F4:5,805	F8:7,-20	FC5:12,336	FC6:0,802	T7:0,-378	T8:11,-250	P7:0,-436	P8:5,-219	O1:7,-184	O2:5,1292	RELAX
10	AF3:9,874	AF4:2,151	F7:7,1409	F3:15,563	F4:5,804	F8:7,-13	FC5:12,334	FC6:0,804	T7:0,-379	T8:11,-247	P7:0,-430	P8:5,-216	O1:7,-186	O2:5,1295	RELAX
10	AF3:9,872	AF4:2,148	F7:7,1415	F3:15,565	F4:5,803	F8:7,-25	FC5:12,333	FC6:0,798	T7:0,-380	T8:11,-245	P7:0,-437	P8:5,-211	O1:7,-187	O2:5,1291	RELAX
10	AF3:9,873	AF4:2,153	F7:7,1415	F3:15,565	F4:5,807	F8:7,-3	FC5:12,341	FC6:0,812	T7:0,-366	T8:11,-230	P7:0,-440	P8:5,-192	O1:7,-187	O2:5,1304	RELAX
10	AF3:9,873	AF4:2,162	F7:7,1413	F3:15,569	F4:5,816	F8:7,25	FC5:12,348	FC6:0,821	T7:0,-364	T8:11,-223	P7:0,-437	P8:5,-176	O1:7,-187	O2:5,1319	RELAX
10	AF3:9,879	AF4:2,172	F7:7,1420	F3:15,576	F4:5,829	F8:7,34	FC5:12,352	FC6:0,827	T7:0,-383	T8:11,-221	P7:0,-432	P8:5,-158	O1:7,-189	O2:5,1324	RELAX
10	AF3:9,886	AF4:2,169	F7:7,1424	F3:15,569	F4:5,827	F8:7,26	FC5:12,348	FC6:0,832	T7:0,-382	T8:11,-219	P7:0,-432	P8:5,-155	O1:7,-188	O2:5,1317	RELAX
10	AF3:9,888	AF4:2,172	F7:7,1429	F3:15,567	F4:5,830	F8:7,37	FC5:12,348	FC6:0,836	T7:0,-366	T8:11,-217	P7:0,-425	P8:5,-153	O1:7,-184	O2:5,1323	RELAX
10	AF3:9,888	AF4:2,197	F7:7,1435	F3:15,589	F4:5,853	F8:7,90	FC5:12,361	FC6:0,861	T7:0,-375	T8:11,-189	P7:0,-418	P8:5,-102	O1:7,-182	O2:5,1362	RELAX
10	AF3:9,889	AF4:2,204	F7:7,1431	F3:15,596	F4:5,860	F8:7,120	FC5:12,362	FC6:0,880	T7:0,-389	T8:11,-172	P7:0,-424	P8:5,-65	O1:7,-184	O2:5,1382	RELAX
10	AF3:9,887	AF4:2,183	F7:7,1422	F3:15,578	F4:5,842	F8:7,74	FC5:12,351	FC6:0,856	T7:0,-380	T8:12,-201	P7:0,-426	P8:5,-117	O1:7,-185	O2:5,1346	RELAX
10	AF3:9,883	AF4:2,165	F7:7,1424	F3:15,566	F4:5,827	F8:7,22	FC5:12,347	FC6:0,827	T7:0,-373	T8:12,-228	P7:0,-418	P8:5,-175	O1:7,-186	O2:5,1316	RELAX
10	AF3:9,881	AF4:2,162	F7:7,1425	F3:15,570	F4:5,821	F8:7,23	FC5:12,350	FC6:0,824	T7:0,-381	T8:12,-224	P7:0,-423	P8:5,-173	O1:7,-186	O2:5,1318	RELAX
10	AF3:9,875	AF4:2,157	F7:7,1414	F3:15,571	F4:5,816	F8:7,22	FC5:12,347	FC6:0,815	T7:0,-384	T8:12,-223	P7:0,-435	P8:5,-175	O1:7,-186	O2:5,1317	RELAX
10	AF3:9,869	AF4:2,153	F7:7,1408	F3:15,571	F4:5,814	F8:7,8	FC5:12,348	FC6:0,808	T7:0,-383	T8:12,-226	P7:0,-437	P8:5,-187	O1:7,-188	O2:5,1315	RELAX
10	AF3:9,879	AF4:2,161	F7:7,1412	F3:15,574	F4:5,816	F8:7,19	FC5:12,348	FC6:0,821	T7:0,-381	T8:12,-219	P7:0,-437	P8:5,-172	O1:7,-188	O2:5,1317	RELAX
10	AF3:9,891	AF4:2,162	F7:7,1413	F3:15,573	F4:5,819	F8:7,24	FC5:12,338	FC6:0,824	T7:0,-382	T8:12,-223	P7:0,-438	P8:5,-173	O1:7,-185	O2:5,1313	RELAX
10	AF3:9,881	AF4:2,155	F7:7,1412	F3:15,570	F4:5,818	F8:7,7	FC5:12,334	FC6:0,814	T7:0,-386	T8:12,-238	P7:0,-438	P8:5,-195	O1:7,-184	O2:5,1305	RELAX
10	AF3:9,870	AF4:2,147	F7:7,1409	F3:15,566	F4:5,804	F8:7,-16	FC5:12,337	FC6:0,800	T7:0,-382	T8:12,-247	P7:0,-439	P8:5,-213	O1:7,-185	O2:5,1291	RELAX
10	AF3:9,875	AF4:2,147	F7:7,1409	F3:15,565	F4:5,799	F8:7,-29	FC5:12,335	FC6:0,793	T7:0,-373	T8:12,-248	P7:0,-436	P8:5,-223	O1:7,-186	O2:5,1284	RELAX
10	AF3:9,875	AF4:2,148	F7:7,1412	F3:15,566	F4:5,805	F8:7,-20	FC5:12,332	FC6:0,799	T7:0,-371	T8:12,-245	P7:0,-439	P8:5,-216	O1:7,-187	O2:5,1301	RELAX
10	AF3:9,870	AF4:2,148	F7:7,1411	F3:15,568	F4:5,806	F8:7,2	FC5:12,340	FC6:0,805	T7:0,-372	T8:12,-242	P7:0,-441	P8:5,-191	O1:7,-187	O2:5,1315	RELAX
10	AF3:9,882	AF4:2,161	F7:7,1412	F3:15,569	F4:5,813	F8:7,25	FC5:12,351	FC6:0,819	T7:0,-367	T8:12,-225	P7:0,-428	P8:5,-165	O1:7,-187	O2:5,1319	RELAX
10	AF3:9,889	AF4:2,178	F7:7,1419	F3:15,570	F4:5,833	F8:7,48	FC5:12,352	FC6:0,839	T7:0,-364	T8:12,-206	P7:0,-423	P8:5,-144	O1:7,-186	O2:5,1336	RELAX
10	AF3:9,882	AF4:2,181	F7:7,1423	F3:15,571	F4:5,840	F8:7,56	FC5:12,350	FC6:0,846	T7:0,-367	T8:12,-207	P7:0,-428	P8:5,-140	O1:7,-182	O2:5,1344	RELAX
10	AF3:9,884	AF4:2,173	F7:7,1422	F3:15,571	F4:5,828	F8:7,42	FC5:12,350	FC6:0,835	T7:0,-370	T8:12,-217	P7:0,-426	P8:5,-150	O1:7,-181	O2:5,1329	RELAX
10	AF3:9,890	AF4:2,181	F7:7,1422	F3:15,572	F4:5,836	F8:7,53	FC5:12,353	FC6:0,845	T7:0,-366	T8:12,-205	P7:0,-422	P8:5,-130	O1:7,-181	O2:5,1336	RELAX
10	AF3:9,890	AF4:2,191	F7:7,1427	F3:15,571	F4:5,853	F8:7,79	FC5:12,354	FC6:0,861	T7:0,-362	T8:12,-186	P7:0,-421	P8:5,-104	O1:7,-181	O2:5,1355	RELAX
10	AF3:9,889	AF4:2,178	F7:7,1425	F3:15,571	F4:5,834	F8:7,51	FC5:12,353	FC6:0,844	T7:0,-378	T8:12,-204	P7:0,-421	P8:5,-136	O1:7,-183	O2:5,1332	RELAX
10	AF3:9,885	AF4:2,158	F7:7,1417	F3:15,571	F4:5,813	F8:7,5	FC5:12,347	FC6:0,816	T7:0,-384	T8:12,-234	P7:0,-427	P8:5,-184	O1:7,-186	O2:5,1305	RELAX
10	AF3:9,875	AF4:2,146	F7:7,1411	F3:15,567	F4:5,807	F8:7,-19	FC5:12,337	FC6:0,798	T7:0,-367	T8:12,-246	P7:0,-437	P8:5,-215	O1:7,-187	O2:5,1296	RELAX
10	AF3:9,871	AF4:2,141	F7:7,1411	F3:15,564	F4:5,794	F8:7,-40	FC5:12,332	FC6:0,787	T7:0,-365	T8:12,-256	P7:0,-440	P8:5,-238	O1:7,-187	O2:5,1283	RELAX
10	AF3:9,876	AF4:2,141	F7:7,1410	F3:15,565	F4:5,783	F8:7,-54	FC5:12,332	FC6:0,781	T7:0,-380	T8:12,-269	P7:0,-439	P8:5,-246	O1:7,-186	O2:5,1274	RELAX
10	AF3:9,875	AF4:2,134	F7:7,1408	F3:15,562	F4:5,786	F8:7,-57	FC5:12,332	FC6:0,778	T7:0,-384	T8:12,-271	P7:0,-440	P8:5,-257	O1:7,-187	O2:5,1274	RELAX
10	AF3:9,871	AF4:2,124	F7:7,1409	F3:15,558	F4:5,784	F8:7,-67	FC5:12,329	FC6:0,774	T7:0,-379	T8:12,-272	P7:0,-441	P8:5,-274	O1:7,-187	O2:5,1271	RELAX
10	AF3:9,871	AF4:2,130	F7:7,1409	F3:15,562	F4:5,782	F8:7,-61	FC5:12,331	FC6:0,778	T7:0,-376	T8:12,-274	P7:0,-439	P8:5,-261	O1:7,-185	O2:5,1274	RELAX
10	AF3:9,873	AF4:2,145	F7:7,1410	F3:15,565	F4:5,788	F8:7,-34	FC5:12,334	FC6:0,786	T7:0,-377	T8:12,-265	P7:0,-438	P8:5,-229	O1:7,-185	O2:5,1287	RELAX
10	AF3:9,875	AF4:2,145	F7:7,1411	F3:15,563	F4:5,789	F8:7,-27	FC5:12,333	FC6:0,788	T7:0,-378	T8:12,-252	P7:0,-439	P8:5,-231	O1:7,-187	O2:5,1284	RELAX
10	AF3:9,872	AF4:2,131	F7:7,1410	F3:15,563	F4:5,783	F8:7,-64	FC5:12,325	FC6:0,772	T7:0,-369	T8:12,-269	P7:0,-439	P8:5,-266	O1:7,-187	O2:5,1266	RELAX
10	AF3:9,867	AF4:2,120	F7:7,1407	F3:15,561	F4:5,776	F8:7,-106	FC5:12,319	FC6:0,747	T7:0,-363	T8:12,-297	P7:0,-440	P8:5,-302	O1:7,-186	O2:5,1250	RELAX
10	AF3:9,866	AF4:2,119	F7:7,1405	F3:15,557	F4:5,771	F8:7,-108	FC5:12,318	FC6:0,743	T7:0,-367	T8:12,-291	P7:0,-443	P8:5,-305	O1:7,-187	O2:5,1247	RELAX
10	AF3:9,871	AF4:2,124	F7:7,1408	F3:15,561	F4:5,777	F8:7,-73	FC5:12,324	FC6:0,765	T7:0,-367	T8:12,-270	P7:0,-442	P8:5,-274	O1:7,-188	O2:5,1259	RELAX
10	AF3:9,873	AF4:2,129	F7:7,1410	F3:15,565	F4:5,785	F8:7,-49	FC5:12,335	FC6:0,779	T7:0,-365	T8:12,-265	P7:0,-439	P8:5,-247	O1:7,-189	O2:5,1278	RELAX
10	AF3:9,871	AF4:2,127	F7:7,1409	F3:15,561	F4:5,784	F8:7,-65	FC5:12,335	FC6:0,769	T7:0,-370	T8:12,-270	P7:0,-440	P8:5,-255	O1:7,-187	O2:5,1277	RELAX
